test_site,ensemble_mse_scaled,full_mse_scaled,ensemble_rmse_scaled,full_rmse_scaled,ensemble_r2,full_r2,ensemble_relative_error,full_relative_error,ensemble_mae,full_mae,O_hat_count
AR-SLu,0.0009867996772001,0.0010002374255517,0.0314133678105374,0.0316265304064757,0.5372687148839179,0.5309674698516373,0.0387931276686712,0.0392412627323255,0.0223130849285904,0.0225557465088528,13
AT-Neu,0.0015479713142694,0.0015494850432078,0.039344266599715,0.0393634988689755,0.4980968144208745,0.4976060137391852,0.0419003106234195,0.0419101837119727,0.0243028722831858,0.0243095285066892,13
AU-ASM,0.0006131595203452,0.0006054298345024,0.0247620580797567,0.02460548382988,-6.419926049620236,-6.326388078770883,0.0394311526138255,0.0396528447175051,0.0199852058797477,0.0200945722992797,13
AU-Cpr,0.0003622932895517,0.0003563269850847,0.0190340035082405,0.0188766253627265,-2.0377334854306843,-1.9877075992597035,0.0281252927488644,0.0280180394434159,0.0143502963210158,0.0142957140341533,13
AU-Cum,0.0003118684871467,0.0003109289293164,0.0176597986156898,0.0176331769490479,0.4627440428730965,0.4643626194917352,0.0205992485791871,0.0206098389414769,0.010811308798942,0.0108157850000653,13
AU-DaP,0.0007647657231865,0.0007549585826069,0.0276543978995481,0.0274765096510994,0.4713552913140382,0.4781344824016392,0.0371926059456174,0.0370598511186755,0.0198426112078316,0.019775607603393,13
AU-DaS,0.000348065707766,0.000350405500913,0.0186565191760432,0.0187191212644463,0.6330056419659299,0.630538605240538,0.0243387745827573,0.0245987857025429,0.0130593196546052,0.0131925296228064,13
AU-Dry,0.00030971789763,0.0003050571262389,0.0175988038692985,0.0174658846394605,0.4022814839290098,0.4112762155249208,0.0245668852291478,0.0247762516548597,0.0128116485453611,0.012914195024242,13
AU-Emr,0.0004799823944367,0.0004776491169987,0.0219085005063493,0.0218551851284491,-1.5258800325299284,-1.513601292811305,0.0314008711311586,0.0314006659641053,0.0160125794918654,0.0160124352820514,13
AU-GWW,0.0003984413180537,0.0004005061952754,0.0199609949164297,0.020012650880766,-4.703416030779426,-4.732973341515427,0.0315867425306998,0.0318448769915085,0.0161217544834278,0.0162519245448386,13
AU-Gin,0.0001651861982565,0.0001603725855475,0.0128524782923968,0.0126638298135884,0.5978809123816069,0.6095988741188556,0.0166707267572382,0.0165922705144131,0.008747312578452,0.0087044993073175,13
AU-How,0.0004501475326266,0.0004502486226608,0.0212166805279869,0.0212190627187178,0.6862383071322045,0.6861678453880639,0.0239485703701167,0.0240726456962358,0.0132701062207225,0.0133345721158583,13
AU-Lox,0.0013513107650045,0.0013500245558578,0.0367601790665461,0.0367426803031278,0.4600701478577511,0.4605840657013541,0.0433269309364489,0.0432754498661024,0.0252718267039243,0.0252441744525342,13
AU-RDF,0.0006904627348047,0.0006867309045141,0.0262766576033705,0.0262055510248136,-0.2897570296584144,-0.2827861185458415,0.0371984464782845,0.0374101431280368,0.0189636170517599,0.0190743330184679,13
AU-Rig,0.0004904855441942,0.0004863666314679,0.0221469082310436,0.0220537214879476,0.3327814661993299,0.3383845159581444,0.0298968618510506,0.0298113740310475,0.0156380626133405,0.0155920783373807,13
AU-Rob,0.0007452533459058,0.0007469788211692,0.0272993286713403,0.0273309132882386,0.4945766268575132,0.4934064267736496,0.0449526347728815,0.0450231174508356,0.0233584919684403,0.0233939908344522,13
AU-Stp,0.000605307289582,0.0005932966722592,0.024602993508556,0.0243576819968407,-2.2923523201715894,-2.227024866677985,0.0375615399992292,0.0375673606671648,0.0190497953216869,0.0190512766071181,13
AU-TTE,0.0008306303450594,0.0008193457591276,0.0288206583037134,0.0286242163059122,-20.03414726744388,-19.74838640672826,0.0469933253957894,0.0472960079683842,0.0235605538069764,0.0237143133419407,13
AU-Wac,0.0013798391576911,0.0013777155565206,0.037146186314225,0.0371175909309951,0.3220302084321803,0.3230736180461643,0.0466778027253666,0.0466498929865425,0.0247738861763518,0.0247544601150922,13
AU-Whr,0.0001197752044095,0.0001200860377787,0.0109441858723945,0.0109583775157995,0.7641193458830052,0.7635072026700234,0.0151227655494566,0.0152196613102266,0.0079630080977481,0.0080102309413433,13
AU-Wom,0.0003598906982249,0.0003570928577372,0.0189707853876672,0.0188969007442284,0.7450976014742042,0.747079248275657,0.0284324304312914,0.0284149272994525,0.0153538913422794,0.0153328083417012,13
AU-Ync,0.0007146270452048,0.0007026877326839,0.026732509145325,0.0265082578206098,-6.272768151269795,-6.151261622188429,0.0397121668058895,0.0395924424148031,0.0200089993922335,0.0199493632078394,13
BE-Bra,0.0004435897878391,0.0004432960605212,0.0210615713525643,0.021054597135098,0.6269116827742179,0.6271587268535777,0.0250211152545098,0.0250218708603868,0.0134450106330703,0.0134446307435997,13
BE-Dor,0.0009374571664015,0.0009296889727298,0.0306179223070661,0.030490801444532,0.5376193705069436,0.541450865330025,0.032001192111188,0.0319795104989064,0.0185822104488,0.0185565587450529,13
BE-Lcr,0.0010941651772934,0.0010902446036679,0.033078167683435,0.0330188522463748,0.4793140750278929,0.4811797782571559,0.0320275386901408,0.0320415445957629,0.0186401518403956,0.0186391974953721,13
BE-Lon,0.0009307345572265,0.0009302417648311,0.0305079425269311,0.0304998649969327,0.4288718370410774,0.4291742300416638,0.0287056457890769,0.0287182877342798,0.0162514700974549,0.0162542095405142,13
BE-Maa,0.0002155107193042,0.0002167376946479,0.0146802833523141,0.0147220139467366,-0.3403184409142494,-0.3479493266770801,0.018949321097729,0.0190181579845679,0.0097495054823846,0.0097845579941761,13
BE-Vie,0.0004508584754195,0.0004505405911679,0.0212334282540426,0.0212259414671741,0.676169365247532,0.6763976866934167,0.0280114513662463,0.0278478181612419,0.0152421237984014,0.0151659547578841,13
BR-Npw,0.0010964556043395,0.0011002018722108,0.03311277101572,0.0331692911020242,0.5209183604010261,0.5192814786640334,0.0404667151986468,0.0406795091210728,0.0218548451059952,0.0219634920463804,13
BR-Sa3,0.0015173204228735,0.0015133285698847,0.0389527973690404,0.0389015240046552,0.5376975597266986,0.5389138113173921,0.0556742401969755,0.0553933782409657,0.030586400658821,0.0304575186233887,13
CA-ARB,0.0002878463559781,0.0002921322469404,0.0169660353641677,0.0170918766360067,-1.891876830848807,-1.9349354574944264,0.0226303586102657,0.0227354408671856,0.011576406521185,0.0116305799400281,13
CA-ARF,0.0002585031468533,0.0002626499804901,0.0160780330530009,0.0162064795834918,-0.2858911859516617,-0.3065190850237242,0.0210575726696559,0.0211610548855478,0.0107685679676437,0.0108215919707303,13
CA-DB2,0.0003581272940153,0.0003622219173069,0.0189242514783365,0.0190321285542886,-2.2519806688860493,-2.2891619617205348,0.0246870888659798,0.0249120618490433,0.0126424212548729,0.0127565157615213,13
CA-DBB,0.0004432878489694,0.0004487166909869,0.0210544021280449,0.0211829339560644,-2.6723655228209817,-2.717340119576759,0.0277535842211804,0.027967616191389,0.014185149219523,0.0142940184865103,13
CA-Gro,0.0003289425406113,0.0003304171499622,0.0181367731587321,0.0181773801732325,0.5721103099930323,0.5701921326211592,0.0263948552619923,0.026422270531902,0.0137317573684278,0.0137450608766506,13
CA-LP1,0.0001867731427606,0.0001873288834914,0.0136664970918163,0.0136868142199511,0.1780649490709049,0.1756192934528203,0.0204378404876718,0.0204353811486978,0.0104822383928476,0.0104819698371518,13
CA-NS1,0.0001756052949876,0.000174765579787,0.0132516148067955,0.0132198933349345,0.571360881439861,0.5734105621369497,0.0198756556435256,0.0197970640493314,0.0102024308634574,0.0101621206180014,13
CA-NS2,0.0001991307959477,0.0001985811203845,0.0141113711576078,0.0140918813642643,0.4275863863922718,0.4291664623116342,0.0201787322665513,0.0200845709904622,0.0103655879133262,0.0103171718980758,13
CA-NS3,0.0001935475764785,0.0001949149142855,0.0139121377393462,0.0139611931540801,0.278564512955081,0.2734678538561109,0.0218683417067232,0.0219275230642346,0.0111370033792181,0.0111674597436733,13
CA-NS4,0.0002257044857677,0.0002234273520676,0.0150234645061551,0.0149474864799287,-0.1181629289060337,-0.1068817774530623,0.0226662568484299,0.0225238957376399,0.0116072689594251,0.011533437790712,13
CA-NS5,0.0001951982822613,0.0001957579000247,0.0139713378837298,0.013991350900636,0.55567971018492,0.5544058796781528,0.0216268075311855,0.0216285094412571,0.0110975410476903,0.0110999197178962,13
CA-NS6,0.0002214966562931,0.00022077375072,0.014882763731685,0.0148584572119742,-0.1847633068039122,-0.1808965576998125,0.0229459648180142,0.0228828144512095,0.0116832953969918,0.0116491580062209,13
CA-NS7,0.0002066438794298,0.0002073634861769,0.0143751131971142,0.0144001210473034,-0.0419948524616882,-0.0456234454226287,0.0218217306095191,0.0218725375151316,0.0111220633412019,0.0111473355689785,13
CA-Oas,0.0004386696536308,0.0004393510256046,0.020944442070173,0.0209607019349229,0.6072849984074065,0.6066750063699364,0.0304025054718284,0.0303482169739554,0.0161024088781375,0.016076141137696,13
CA-Obs,0.0001496641251512,0.0001507327678409,0.0122337289961504,0.0122773273899899,0.6390609458074712,0.6364837424775706,0.0180199745036156,0.0180448469255226,0.0092999209685477,0.0093118165217741,13
CA-Qfo,0.0002122062958087,0.0002153719845436,0.0145673022831522,0.0146755573844281,0.2419616698203495,0.2306532711070393,0.0189967211784573,0.0191081725581129,0.0097432819546285,0.0097999976846649,13
CA-SF1,0.0003290002944255,0.00033027550805,0.0181383652633186,0.0181734836520146,0.6817698451533583,0.6805363768675969,0.0241581157806963,0.0242668952951954,0.0129597321496636,0.0130112865553946,13
CA-SF2,0.0007778012972853,0.0007800970057916,0.0278890892157725,0.0279302167158018,0.5721635976992517,0.5709008231686487,0.0364069286842255,0.0364761676448962,0.0201374778945377,0.0201751234419066,13
CA-SF3,0.0003360716118769,0.0003392503292763,0.0183322560498426,0.0184187493950144,0.073500527366198,0.0647372760528686,0.0258032910630399,0.0259457499730119,0.0132785614467837,0.0133513958977927,13
CA-TP1,0.0002884028377924,0.0002888031941484,0.0169824273233382,0.0169942106068051,0.5918744397696025,0.5913078861832082,0.0241354529870532,0.024141910007794,0.0126417967072201,0.0126459394783696,13
CA-TP4,0.0004626166052512,0.0004633721382894,0.0215085240137773,0.0215260804209566,0.6474387934245824,0.6468629999131681,0.0278447451064456,0.0279080465590623,0.0149243007207831,0.0149497294085747,13
CA-TPD,0.0005249727157286,0.0005270108509633,0.0229122830754299,0.0229567169029751,0.6472806155292209,0.6459112304470709,0.0317373279835821,0.0317666029107649,0.0169268512939594,0.0169391083995607,13
CH-Aws,0.0009856141600616,0.0009835175430044,0.0313944925116116,0.0313610832562335,0.5260559697807912,0.5270641524735654,0.035378112634868,0.0353492448883614,0.0196484305775451,0.0196280546856229,13
CH-Cha,0.0017731290483003,0.001766905442951,0.04210853890009,0.0420345743757567,0.4398787338066894,0.4418447349344243,0.0463236955993173,0.0463991558070325,0.026833457270667,0.026856537911981,13
CH-Dav,0.0004428970848704,0.000444336775772,0.0210451202151587,0.0210792973263363,0.5869748780653635,0.5856322896164963,0.0258070993351832,0.0258573115803023,0.0134882916041147,0.0135106722060478,13
CH-Fru,0.0009715410345451,0.000966857911201,0.0311695530052189,0.0310943388931331,0.585343162105567,0.5873419342091667,0.0373864769908806,0.0373861771385773,0.0209781724794988,0.0209653404674121,13
CH-Lae,0.0015195971688099,0.0015182342253455,0.0389820108358963,0.0389645252164775,0.3669110332260759,0.367478857704415,0.0485649433347144,0.0485421936344904,0.0251987120401797,0.0251801902505372,13
CH-Oe1,0.0009188516143524,0.0009144875388521,0.0303125652882175,0.030240495016652,0.5149940109211546,0.5172975414601149,0.0298129447147639,0.0297540087362313,0.017307806199329,0.0172699594407201,13
CH-Oe2,0.0008295470181835,0.0008273473796931,0.0288018578946496,0.0287636468427275,0.4679427427357125,0.4693535532100377,0.0291998173496253,0.0292893738525439,0.0162373620552222,0.0162738205103129,13
CN-Cha,0.0006095459820291,0.000610407176241,0.0246889850344071,0.0247064197374086,0.6166546384042187,0.6161130306891771,0.0326203828253016,0.032647473872247,0.0177749383496915,0.0177879890537719,13
CN-Cng,0.0002660938259772,0.0002645751855737,0.0163123825965822,0.0162657672912701,0.0273073557029961,0.0328586695841576,0.0269066797020738,0.0268163387694106,0.0137953745840633,0.0137491143642947,13
CN-Dan,0.0004638531368345,0.0004671538075626,0.0215372499831003,0.021613741174601,-5.836005198929921,-5.88464861742903,0.0358052139133278,0.0358719564084077,0.0181710262501879,0.0182058816101648,13
CN-Din,0.0003141194287001,0.0003146791099295,0.0177234147020315,0.0177391969922416,0.6234086938427199,0.6227377035570463,0.0273921921106636,0.027352484052735,0.0142697170353991,0.0142504337954732,13
CN-Du2,0.0004084362400008,0.0004082598660913,0.0202098055408976,0.0202054414970657,-3.558389193069469,-3.5564207562744565,0.0327919048596267,0.0328850381189121,0.0166056713703013,0.0166516761251498,13
CN-Du3,0.0004556005316066,0.000455722606673,0.0213448010439704,0.0213476604496383,-21.56382532897885,-21.569871152641294,0.0363998788868701,0.0364734913730986,0.0181666673616045,0.0182043673964352,13
CN-Ha2,0.0002974031220897,0.0003002418675728,0.0172453797316769,0.0173274887843823,0.4433268924960617,0.4380133865099039,0.0277626917394869,0.0278164029611598,0.0143012051738726,0.0143283702829863,13
CN-HaM,0.0003891212643559,0.0003927241562633,0.0197261568572265,0.0198172691424252,0.0406145823800254,0.0317315881212696,0.0316854006145065,0.0318190340633944,0.0161319640975817,0.016199260551969,13
CN-Qia,0.0003369242295057,0.0003370052045434,0.0183554958937584,0.0183577015049131,0.7297039408628747,0.7296389789763009,0.0221275884158124,0.0221239089264767,0.0121702659925037,0.0121685228795032,13
CN-Sw2,0.000744680422469,0.0007432817778197,0.027288833292558,0.0272631945637289,-4.140499967267877,-4.130845177700538,0.0440481267898556,0.0441352872067321,0.0219757701881335,0.0220216750926147,13
CZ-BK1,0.0007489200989367,0.0007478963414226,0.0273664045672207,0.0273476935302164,0.5935138783284114,0.594069536030817,0.0384960439731738,0.0385340042854245,0.0209027820794998,0.0209153781751,13
CZ-BK2,0.0004001040703206,0.0004028518599949,0.0200026015888098,0.0200711698711102,0.5480023111119681,0.5448981322883419,0.0313710119134017,0.0314749536276826,0.016376193170804,0.016427882650127,13
CZ-KrP,0.0004424281418431,0.0004437943483187,0.0210339758924252,0.0210664270420682,0.559488398088517,0.558128109837803,0.0236434694446571,0.0236886016225797,0.0127954113883134,0.0128166196661886,13
CZ-Lnz,0.0007278874274324,0.0007281785452709,0.0269793889373442,0.0269847835876256,0.6690710262937175,0.668938671586256,0.0340506645740314,0.0340298278665229,0.0188814751361252,0.0188731326785545,13
CZ-RAJ,0.0003011377481254,0.0003012990200729,0.0173533209537947,0.0173579670489652,0.7135700115258303,0.7134166162030402,0.0243966288590678,0.0245146636642076,0.0130629146522717,0.0131176890021828,13
CZ-Stn,0.0005441424257945,0.0005452840465208,0.0233268606073463,0.0233513178754623,0.6488819824322751,0.6481453304322882,0.0314888658524844,0.0315419899352181,0.0168637782976086,0.0168888845304081,13
CZ-wet,0.0003022563672058,0.0003045183057745,0.0173855217697321,0.0174504528816451,0.6769104080797466,0.6744925638640533,0.0226637000038387,0.022767992440465,0.012082374834157,0.0121330343230462,13
DE-Geb,0.0006317267280824,0.0006318653298946,0.0251341745056886,0.0251369315926707,0.5174716339773875,0.5173657665144582,0.0260866732469132,0.0260927920998058,0.0143988112273082,0.0144000462862208,13
DE-Gri,0.0004675939481062,0.000468982544277,0.02162392073853,0.0216560048087613,0.6365078033262016,0.6354283542133892,0.0288803287205583,0.0289888382143142,0.0155948165162459,0.0156504473970139,13
DE-Hai,0.0005376679540049,0.0005375454613081,0.0231876681450496,0.0231850266617942,0.6629047910842912,0.6629815888568271,0.0311574663101574,0.0311594176852278,0.0167895270778839,0.0167895459582641,13
DE-HoH,0.0005532078880744,0.0005537379445365,0.023520371767353,0.023531637098523,0.6788248152704988,0.6785170810790707,0.0298821398701081,0.0299079839677533,0.0162742813325059,0.0162879909614058,13
DE-Hte,0.0002815000441032,0.0002792283981812,0.016777963049882,0.0167101286105544,0.4833814051322734,0.4875504081175688,0.0239507837024572,0.0237996446959005,0.0123642463120619,0.0122877558393968,13
DE-Hzd,0.0005897136139782,0.0005925338375414,0.0242840197244657,0.0243420179430843,0.574085692998566,0.5720488169013584,0.0352094409849079,0.0353329415141541,0.0186402640710318,0.0187045779117507,13
DE-Kli,0.0006454946199923,0.0006456410571044,0.0254065861538367,0.0254094678634655,0.5139835697456028,0.5138733119056383,0.0255613713520163,0.0256190984585506,0.014197136082219,0.0142233151018733,13
DE-Lkb,0.0002449225890907,0.000249540992187,0.0156500028463505,0.0157968665306448,-0.4293419184109519,-0.4562944227351151,0.0218143108851738,0.0219993007634683,0.0111925309162915,0.0112885420823637,13
DE-Lnf,0.000615248520943,0.0006151594165241,0.0248042036949993,0.0248024074743586,0.646969383033547,0.6470205112962052,0.0287120452527085,0.0287395025886974,0.0160005929344519,0.0160111552034661,13
DE-Obe,0.0005243018631535,0.0005240943810256,0.0228976388117545,0.0228931077188227,0.6272850882826342,0.6274325828624485,0.0331517820120747,0.0332210905947459,0.0178098148712922,0.0178399953798997,13
DE-RuR,0.0005571282436778,0.0005557921233567,0.0236035642155558,0.0235752438663263,0.6488592570237739,0.6497013724390035,0.0278094381549775,0.0279179170235115,0.0154662645737653,0.0155145841211166,13
DE-RuS,0.001206850762208,0.0012032761838733,0.0347397576590282,0.0346882715607645,0.4156845326629271,0.4174152200648473,0.0315895480168135,0.0315209992954122,0.0184001198836613,0.0183600765229174,13
DE-RuW,0.0008431039818281,0.0008420614165522,0.0290362528888999,0.0290182945148787,0.5445732392935452,0.5451364107844471,0.038844818672819,0.0388318327389944,0.0210687345698601,0.0210599287985537,13
DE-Seh,0.0008828008800253,0.0008845564671187,0.0297119652669657,0.0297414940297003,0.4819130002462231,0.4808827035274879,0.0307016778489811,0.0307901681109644,0.0174081004518349,0.0174555195114947,13
DE-SfN,0.0002046262797219,0.0002073659497609,0.0143047642316115,0.0144002065874404,0.4456602648532496,0.4382384030774584,0.0189858912579888,0.0191760775357309,0.0097795377923394,0.0098757236045082,13
DE-Tha,0.0002803105550619,0.0002795892608273,0.0167424775664153,0.0167209228461628,0.6934743995858238,0.6942631502922825,0.0251350697832431,0.0250328498093127,0.0132015952747013,0.0131523372883795,13
DK-Fou,0.0003356402514705,0.0003357054484752,0.0183204872061468,0.0183222664666598,0.5690093221861918,0.5689256036776882,0.0218288493475478,0.0217571179677365,0.011765556385623,0.0117316384354001,13
DK-Gds,0.0006843107999762,0.0006801596868308,0.0261593348534754,0.0260798712962863,0.5154015794087787,0.5183412127946967,0.033379635323694,0.0330971440669774,0.0179747863442909,0.0178384380626453,13
DK-Skj,0.0002597898102634,0.0002601265356314,0.0161179964717524,0.0161284387226865,0.6790709269220523,0.6786549561796524,0.0192272571431238,0.0192221809940912,0.0102736371184165,0.0102732751857216,13
DK-Sor,0.0010340586997973,0.001033321870329,0.0321567831071047,0.0321453242374227,0.5408103225512866,0.5411375230148252,0.0314884929536818,0.0315276374379341,0.0183686160738993,0.0183872675211148,13
DK-Vng,0.0004874670025407,0.0004874114597481,0.0220786549078697,0.0220773970328969,0.5751100741120962,0.5751584867696149,0.0230280263593429,0.023094530345986,0.0126772852111416,0.0127075269538497,13
ES-Abr,0.0002893019885696,0.0002818360031004,0.0170088796976666,0.0167879719769967,0.3301948804951232,0.3474804695579168,0.0242601084870126,0.0240508694142198,0.0125873337761839,0.0124772614798685,13
ES-Agu,0.0004216101732709,0.0004192906203702,0.0205331481578184,0.0204765871270164,-3.38745534943528,-3.363317092278911,0.0321978860391026,0.0322352710041026,0.0162620109228782,0.0162809309198928,13
ES-Amo,0.000805255122229,0.00080561960419,0.0283770175005939,0.0283834389070475,-12.69128200351465,-12.697479077183154,0.0433794415217558,0.0435306002494245,0.0215737362141083,0.0216509015556851,13
ES-LJu,0.0004880451260791,0.0004895755757297,0.0220917433915733,0.0221263547772736,-14.775956527243268,-14.825427991797866,0.0347467840992921,0.0350201731525791,0.0175439781191603,0.017681594264096,13
ES-LM1,0.0002556163135783,0.0002505532445884,0.0159880053032998,0.0158288737624773,0.6098014284227602,0.6175302085620225,0.021185997275397,0.0211311289369926,0.0112619764935843,0.0112270862772384,13
ES-LM2,0.0002397952222188,0.0002347262136457,0.0154853227999577,0.0153207771880475,0.6188638893314358,0.6269206896071752,0.0208722288203354,0.0208516460856354,0.0110574562945722,0.011040226879925,13
ES-LgS,0.0003351914124822,0.0003361299359787,0.0183082334615388,0.018333846731625,-2.340673244238689,-2.350027005155919,0.0268231259878901,0.0269579064677992,0.0137398005500926,0.0138074357203911,13
FI-Hyy,0.0001765597627057,0.0001765491502951,0.0132875792643279,0.0132871799225846,0.7509077063770695,0.7509226784730444,0.0192975590750946,0.0192595411786745,0.0101645931051169,0.0101473277239662,13
FI-Ken,0.0001188692383209,0.0001185872055021,0.0109027170155423,0.0108897752732636,0.6373066226661744,0.6381671601527339,0.0175714676368181,0.017521781315449,0.0090154493902146,0.0089917206840975,13
FI-Let,0.0003259931602877,0.0003269106470343,0.0180552806759607,0.0180806705360822,0.654535373289978,0.6535630853556045,0.0229202737165188,0.0228983059346532,0.0123038620942893,0.0122969319736113,13
FI-Lom,0.0001507861000631,0.0001530750930458,0.0122794991780275,0.0123723519609601,0.2774160379835327,0.2664469259913105,0.0159552405164662,0.0160150092479185,0.0081399450798251,0.0081703961365375,13
FI-Qvd,0.0003617853422683,0.0003643549741494,0.0190206556739874,0.0190880846118579,0.6748433922861405,0.6725339212050876,0.0221727754988636,0.0221799926718152,0.0122127219845963,0.0122237373725576,13
FI-Sii,0.0001883806297461,0.0001910739479655,0.0137251823210537,0.0138229500456849,-1.200420149224008,-1.231880027482616,0.0194417902745604,0.0195993559673826,0.0099526761151646,0.010033255413248,13
FI-Sod,0.0001019241415265,0.0001017963897713,0.0100957486857863,0.0100894196944781,0.5946567199668296,0.5951647773781625,0.0134804723910457,0.0134779453802678,0.0069323502699024,0.0069313023516645,13
FI-Var,0.0001606893095311,0.0001600817373414,0.0126763287087043,0.0126523411802485,0.1072152922660009,0.1105909440837839,0.0205015181745861,0.0204186920578212,0.010441643512379,0.0103999545998613,13
FR-Aur,0.0006477011423326,0.000645570554373,0.0254499733267568,0.0254080804936741,0.4442091473606693,0.4460373999625272,0.027830575778849,0.0277265327962861,0.0152349828611108,0.0151774025481218,13
FR-Bil,0.0004604192077291,0.0004618271417364,0.0214573811945711,0.0214901638368908,0.6302648536076136,0.6291342259588287,0.0242897501624768,0.0243591689862951,0.0135898277356311,0.0136300549030611,13
FR-EM2,0.0016941175480049,0.0016838808249847,0.0411596592309133,0.0410351169729627,0.3398643781551708,0.3438532545613771,0.0354848214097971,0.0352033691063923,0.021084856217981,0.0209316078246279,13
FR-FBn,0.0002718592561972,0.0002698143999527,0.0164881550270876,0.0164260281246796,0.7018941366028653,0.7041364131573538,0.0215453775697789,0.0215235891071753,0.0116387669454507,0.0116223086513861,13
FR-Fon,0.000928779888215,0.0009311674443034,0.0304758902776455,0.0305150363641177,0.5652880921989231,0.5641706056175344,0.035412501216236,0.0353398722210805,0.0196518882429348,0.0196271581450415,13
FR-Gri,0.0008161549177211,0.0008125591402997,0.0285684251879784,0.028505422998085,0.4544903558399122,0.4568937368880658,0.0272027524098056,0.0271027241869412,0.0153577806772787,0.0153012155681572,26
FR-Hes,0.000914266636594,0.0009161528960752,0.030236842371419,0.0302680177097084,0.5882478520249399,0.5873983499629303,0.0375444426110245,0.0376517224847552,0.0206568632045229,0.0207109661418633,13
FR-LBr,0.0004399736513589,0.0004424125337563,0.0209755488929123,0.0210336048683131,0.6597074338973712,0.6578211083256935,0.0248761304794531,0.0249229740590029,0.0137789391511228,0.0138084026476942,13
FR-LGt,0.0002633893060887,0.0002666573892075,0.0162292731226247,0.0163296475530728,0.6387760781078038,0.6342940821650551,0.0234642117175541,0.0236505113466996,0.0122517855394462,0.0123480599987458,13
FR-Lam,0.0009901909571196,0.0009895246675154,0.0314672998066188,0.0314567110091864,0.3968734239564151,0.3972792618048837,0.0317080465876277,0.0316571030145195,0.0177852075052691,0.0177565818508336,13
FR-Mej,0.0009520216150077,0.0009488745477778,0.0308548475123081,0.0308038073584726,0.4768980728320205,0.478627274046505,0.0314493878040269,0.0315242693736183,0.0180037581447043,0.0180330650828813,13
FR-Pue,0.0002094498789046,0.0002084585329313,0.0144723833180536,0.0144380931196397,0.6123401497385231,0.6141749802649081,0.0192023177889249,0.0191757141263352,0.0100692683776906,0.0100561763530529,13
FR-Tou,0.0002960146551596,0.0002934718004188,0.0172050764357388,0.0171310186626133,0.5804774571541211,0.5840812817227953,0.0216538211641356,0.0215280102921591,0.0115978177312197,0.0115290648479158,13
GF-Guy,0.0016266373889552,0.0016192941566647,0.0403315929384793,0.0402404542303485,0.5600878716689459,0.5620737948793934,0.0566878946026083,0.056677611318691,0.0315284297068089,0.0314947582589813,13
GH-Ank,0.0015363515071194,0.0015386886079109,0.039196320071143,0.0392261214997222,0.5079436237753496,0.5071951066938098,0.046326069467759,0.0464211610758006,0.0260598271085547,0.0261087841330927,13
GL-NuF,0.0002091270478859,0.000210268063509,0.0144612256702504,0.0145006228662445,-0.7758314542403435,-0.7855205473243774,0.0198990426063679,0.0199595232182618,0.0101893330988728,0.0102201237142241,13
GL-ZaF,0.0001555132082804,0.0001577088989942,0.0124704935058917,0.0125582203752878,-0.0616384576161317,-0.076627729129358,0.0194962260475164,0.0196469489989027,0.0099141757764272,0.0099902632893432,13
GL-ZaH,0.000243181762218,0.0002465101382354,0.0155942862041856,0.0157006413319789,-14.079422414699517,-14.285811197572874,0.0241423277577503,0.024312671821943,0.0122295964609587,0.0123156854456171,13
IL-Yat,0.000478411621498,0.0004759580376923,0.0218726226479139,0.0218164625384664,-1.055688675719045,-1.0451458623388596,0.0321996426849009,0.0321567965750318,0.0164354893804179,0.0164137026256983,13
IT-BCi,0.0016928104042834,0.0016833078130273,0.0411437772243081,0.0410281344083215,0.3201894777112789,0.324005594098928,0.0392857296170249,0.0391106952461857,0.0229483598027145,0.0228451616160795,26
IT-BFt,0.0013630962069749,0.0013705495569509,0.0369201328136142,0.037020934036717,0.4977161748132307,0.4949697089971977,0.0432421300573055,0.0432751163926027,0.0248078463031992,0.0248404541476631,13
IT-CA1,0.0002987353248213,0.0002991804204641,0.0172839614909699,0.0172968326714503,0.6399596190158627,0.6394231829418526,0.0193742418494823,0.0194540763530435,0.0105467517118538,0.0105868204353083,13
IT-CA2,0.0005417058957044,0.0005360691071264,0.023274576165946,0.0231531662440887,0.3784105892637511,0.3848786157675008,0.0274272537039868,0.0273539438991442,0.014709747442228,0.0146657761838374,13
IT-CA3,0.0004903661068379,0.0004906680042821,0.0221442115876353,0.0221510271608826,0.5717798154844285,0.5715161786272785,0.021016461062245,0.0210323340668808,0.011810467040456,0.0118179909676619,13
IT-Col,0.0005771113666238,0.0005794855550425,0.0240231423136919,0.0240725062060973,0.6408349809406446,0.6393574057654381,0.0316272423933683,0.0316163990023633,0.0171422125294809,0.0171414284680092,13
IT-Cp2,0.0005998753133291,0.0005963742099351,0.0244923521395791,0.0244207741469247,0.5912548919686349,0.5936404858632783,0.0356378051827407,0.0354039033855692,0.0192255691170402,0.019110460346045,13
IT-Cpz,0.000351703589656,0.0003500435195068,0.0187537620134206,0.0187094500054599,0.7120650819135959,0.7134241586375458,0.0276810965188534,0.0274250330658309,0.0148626975672149,0.0147409331416379,13
IT-Isp,0.0011358404279128,0.0011349930657321,0.0337022317942418,0.0336896581421082,0.5333976092358055,0.5337457049802737,0.0352858481163438,0.0352990884033137,0.0204995296256009,0.0205034846276257,13
IT-La2,0.0008674557527075,0.0008659969247704,0.0294526017986104,0.0294278256888004,0.5380228547651074,0.5387997764278661,0.039802111838604,0.0397436400328286,0.0216545153301215,0.0216235451156062,13
IT-Lav,0.0008463146973544,0.0008409641392594,0.0290914884004658,0.0289993817047793,0.6060838121548754,0.6085742231736058,0.0382047433914411,0.0381457725267389,0.0212149403605647,0.021172633888597,13
IT-Lsn,0.0001778216416788,0.0001784337384443,0.0133349781281732,0.0133579092093181,0.7605031335405669,0.7596787386247947,0.0167638916927528,0.0167737939989817,0.0090026216348259,0.0090080319183458,13
IT-MBo,0.0005115451308698,0.0005078982958933,0.0226173634818433,0.022536599031205,0.6458353324602357,0.648360192964395,0.0293412875465725,0.0292783543177624,0.0159732503256988,0.0159313429462857,13
IT-Noe,0.0002303926176153,0.0002347291023555,0.0151786895882135,0.015320871462014,0.5311740477928305,0.5223497347197583,0.0201571965635653,0.0204218121634638,0.0105085031681049,0.0106416991656517,13
IT-PT1,0.000789738615756,0.000791329229328,0.0281022884433994,0.0281305746355816,0.5764279378354362,0.5755748207947331,0.0301069262015416,0.0301852745012562,0.0171332163561414,0.0171759529935745,13
IT-Ren,0.0004051397782825,0.0004036006930245,0.0201280843172564,0.0200898156543187,0.6707367873384369,0.67198762515738,0.0264249905992278,0.0263649101523262,0.0142540240242767,0.0142200826946941,13
IT-Ro1,0.0003961836896736,0.0003982181418192,0.0199043635837375,0.0199554038250101,0.6604913924656826,0.658747973862002,0.0223284406061652,0.0223802801134947,0.0123126170526513,0.0123451433590707,13
IT-Ro2,0.000589721469638,0.0005920101255794,0.0242841814693849,0.0243312581996786,0.5807448100422951,0.5791177183882401,0.0287807583240475,0.0287852298993977,0.0157492192735125,0.0157575578894956,13
IT-SR2,0.0010146025490613,0.0010082093583365,0.0318528263904693,0.0317523126454836,0.5577090811133777,0.5604960346873881,0.0394685534781296,0.0394230795708096,0.0224210648283243,0.0223843452372219,13
IT-SRo,0.0005421348197643,0.0005422431980995,0.0232837887759787,0.0232861159942909,0.6442955654149387,0.6442244564342392,0.0296550908407272,0.0295005799671331,0.0163505732879248,0.0162775242079747,26
IT-Tor,0.0003187777049076,0.0003204818732847,0.0178543469471077,0.0179020075210786,0.5757972409779365,0.5735294759609435,0.0258902115659611,0.0259030315607638,0.0133710317992099,0.0133741307628875,13
JP-SMF,0.0003511821975185,0.0003529852222437,0.0187398558563975,0.0187879009536399,0.6519931785000603,0.6502064566555419,0.025749171418582,0.0258146618465527,0.0135887604221418,0.0136236525748974,13
MX-Tes,0.0006493139473992,0.000636392593102,0.0254816394174175,0.0252268228895767,-6.179553976186808,-6.036680777491683,0.0383023676330986,0.0381891176798439,0.0195032994767713,0.0194419174639788,13
MY-PSO,0.0008269029413358,0.0008287130760574,0.0287559201093585,0.028787377026354,0.6313030357731242,0.6304959384182225,0.046050511522256,0.0461604620373504,0.0244047720283149,0.0244487086727391,26
NL-Hor,0.0002972323510463,0.0002950062794539,0.017240427809261,0.0171757468383162,0.7158713270568171,0.7179992608607961,0.0217950191237954,0.0218137192579018,0.0118220011175861,0.0118193994944684,13
NL-Loo,0.0003855605461966,0.0003850385683506,0.0196356957146072,0.0196223996583164,0.676579425978963,0.6770172777670367,0.026106991914214,0.0261692492957073,0.014145897085621,0.0141727069160979,13
PA-SPn,0.0004714770502345,0.0004685438065209,0.0217135222899134,0.0216458727364124,0.7049070643427093,0.7067429532751948,0.0298231380736956,0.0296210396397493,0.016181157462446,0.0160839451839457,13
PA-SPs,0.0009916421708912,0.0009909653678213,0.0314903504409094,0.0314796024088825,0.608699261511753,0.608966327141738,0.0416509758798082,0.0414836456423824,0.0233624396043787,0.0232869064123384,13
RU-Che,0.0001758148816796,0.000177839171533,0.0132595204166519,0.0133356354004232,-0.5825920702292082,-0.6008136510149225,0.0204509131975432,0.0204974573370994,0.0103894520054393,0.0104136875742391,13
RU-Cok,0.0002022442285635,0.0002059585760757,0.0142212597389804,0.014351256951075,-0.1277655665042099,-0.1484777186188952,0.0201686481437175,0.0203792918512498,0.0103319854898824,0.0104400577677593,13
RU-Fy2,0.0004848452460298,0.0004847434876479,0.022019201757326,0.0220168909623477,0.6807632302646354,0.6808302310600503,0.0286493912618182,0.0286633522193882,0.0155049980699788,0.015511653021877,13
RU-Fyo,0.0003319448138154,0.0003317533052424,0.0182193527276751,0.0182140963334023,0.7133950898649865,0.7135604405349352,0.0247392695323196,0.0247079614320563,0.0132465890930967,0.0132307234736669,13
RU-Ha1,0.0001286482158678,0.0001304070360754,0.0113423196863702,0.0114195900134571,0.5244730762637808,0.5179718872881154,0.0178652104938983,0.0180343848110246,0.0091980170935874,0.0092857640938662,13
SD-Dem,0.0005180485154445,0.0005232728293403,0.0227606791516544,0.0228751574713771,-0.3410460101172083,-0.3545699274659009,0.038013360043529,0.038750117185588,0.0195302924168467,0.0199023049050568,13
SE-Deg,0.0002814187756085,0.0002824334165695,0.016775540993023,0.0168057554596487,-4.171858561262539,-4.190505432030033,0.0235917485458662,0.0235937355214256,0.0120345263385021,0.0120353327294728,13
SE-Htm,0.0007220345633259,0.0007201238429455,0.0268707008342907,0.0268351233078136,0.6081931205232028,0.6092299592395433,0.033434807638408,0.0335158832377236,0.0186559660763612,0.0186888900422582,13
SE-Lnn,0.0003663208454775,0.0003678355107175,0.0191395100636762,0.019179038315765,0.5598720888886792,0.5580522458293695,0.024351876437195,0.024411162830152,0.0129929051298698,0.0130250873419364,13
SE-Nor,0.0002658348014369,0.0002660736149041,0.016304441156844,0.0163117630838656,0.7238923246598361,0.7236442825265118,0.0217449186206759,0.0218186236404418,0.0116464988984607,0.0116809798842189,13
SE-Ros,0.0001275362247214,0.0001268360256108,0.0112931937343436,0.0112621501326733,0.749524536086571,0.7508996959474555,0.0170006673173103,0.016932662099058,0.0088369998210117,0.0088049766638081,13
SE-Svb,0.0001885349336916,0.0001892437024988,0.0137308023688212,0.0137565876037205,0.7323528303787779,0.7313466509856466,0.0197843233503917,0.0198194625864378,0.0104184295053812,0.0104345282453238,13
SJ-Adv,0.0001054469131963,0.0001009820151819,0.0102687347417471,0.010048980803144,-0.1073412647190226,-0.0604535402304975,0.0177614001591416,0.0173444555986407,0.0090303613674987,0.008819363077665,13
US-A32,0.0009290022550088,0.0009285819535022,0.0304795383004544,0.0304726427062415,0.4741047064266277,0.474342633280971,0.0317751540301755,0.031734447868656,0.018081797279992,0.0180604821672157,13
US-AR1,0.0003802998051939,0.0003795317254278,0.01950127701444,0.0194815739977009,-0.5921248602941371,-0.5889092949073469,0.0302826989034485,0.0302269241073553,0.0154485398860756,0.0154209565845905,13
US-AR2,0.00047927298463,0.0004742619568851,0.0218923042329965,0.021777556265227,-2.9255890334178503,-2.8845451269332965,0.0335854135800883,0.0334435104611739,0.016978498877129,0.0169074350269514,13
US-ARM,0.0005312398326588,0.0005298581132875,0.0230486405815792,0.0230186470776971,0.4068806316865442,0.4084232956026896,0.029276266741819,0.0292141514091622,0.0156785980366524,0.0156464273354798,13
US-ARb,0.0006210041035044,0.000624077318999,0.0249199539225994,0.024981539564227,0.5069365686724973,0.5044965039959411,0.0312339318396872,0.031378992750246,0.0167769693285372,0.0168601452025337,13
US-ARc,0.0004408726904945,0.0004429531639837,0.0209969686025034,0.0210464525272971,0.593435361999215,0.5915167878410335,0.0283437919132272,0.0284465740480854,0.0151360987363913,0.0151935375530403,13
US-Atq,0.000188477293621,0.0001912643064805,0.0137287032752939,0.0138298339281639,-2.8633899876089624,-2.92051791729201,0.0220713600205622,0.0222354719751445,0.0111404950515563,0.0112231472985804,13
US-BZB,0.0001257421735421,0.0001240149089109,0.0112134817760645,0.0111361981354008,0.28870084365782,0.2984716456120257,0.0178869881399648,0.0177489466033469,0.0091432198415112,0.0090709700182783,13
US-BZF,0.0001657895383167,0.0001650450886048,0.0128759286390052,0.0128469875303451,0.3754848091855736,0.378289088385614,0.0191061959610779,0.0190545510353849,0.0097655958851393,0.0097400241848492,13
US-BZS,0.0001322396489495,0.0001330356915457,0.0114995499455226,0.0115341099156278,0.6930069169387185,0.691158911648311,0.0172742573400329,0.0173385537190855,0.008935089089943,0.0089705674821264,13
US-BZo,0.0002093357402977,0.0002065505746238,0.0144684394561995,0.0143718674716922,0.0537429080809231,0.0663326491699412,0.0214845723837241,0.0213451733708267,0.010952033011358,0.0108796537672046,13
US-Bi1,0.0013708830509419,0.0013691681923361,0.0370254378899417,0.0370022727996016,0.4820817962895641,0.4827296681033715,0.0353314687536207,0.035325607230528,0.0210478226207752,0.021042308470084,13
US-Bi2,0.0021573980702262,0.002158124572053,0.0464477994120955,0.046455619380792,0.4018888552402321,0.401687441859333,0.0447501986864085,0.0447115100671356,0.0262461995087987,0.0262264913924927,13
US-Blo,0.0002206609671217,0.0002189190909318,0.0148546614610268,0.014795914670337,0.7788281209770751,0.7805740302556988,0.0203322587713185,0.020110621484354,0.0109622029259207,0.0108550379148007,13
US-CF1,0.000567310399375,0.0005706300946995,0.0238182786820344,0.0238878650092367,0.4142650205442159,0.4108375112392339,0.0310726885985091,0.0312160627101056,0.016575495156042,0.0166515233529454,13
US-CF2,0.0004647054609571,0.0004676223615514,0.0215570281105064,0.0216245777196096,0.4558624771433321,0.4524469909975093,0.0302255450617995,0.0303727977128795,0.0159844603863538,0.0160623526301558,13
US-CF3,0.0006258483301081,0.0006285450115254,0.0250169608487555,0.0250707999777721,0.363755038149147,0.3610135592908868,0.0314025999924817,0.0315075213574256,0.0168362519770001,0.0168928377624057,13
US-CF4,0.0006500070639276,0.0006526145988814,0.0254952361026073,0.0255463226097514,0.3761641512042145,0.3736616033529029,0.0338646041604034,0.0340017368368383,0.0180396217802534,0.0181142559828643,13
US-CRT,0.0012402559590149,0.0012407030304539,0.035217267909578,0.0352236146704729,0.2292197044930529,0.2289418635737405,0.0415070683572679,0.0414688978995586,0.0223436926109145,0.0223202168979477,13
US-CS1,0.0006674828487148,0.0006682862537086,0.025835689437576,0.0258512331177581,0.476141520056231,0.4755109862235784,0.0301592321485038,0.0301530401899605,0.0163728440206427,0.0163688551879637,13
US-CS3,0.000844091436126,0.0008425847115892,0.0290532517306763,0.0290273097545956,0.4906280779662266,0.4915373197147387,0.0313271427075555,0.0312697469319235,0.0174771870576168,0.0174468212674645,13
US-CS4,0.0007896291404417,0.0007873851209776,0.0281003405751912,0.0280603834788059,0.5291931171563273,0.530531086786397,0.0309983399669525,0.0309209548979748,0.0172918076209224,0.0172501008449787,13
US-EDN,0.0002611968665944,0.0002628971808764,0.0161615861410451,0.0162141043809542,-0.2752244439259346,-0.2835257775640691,0.0265085876321316,0.0264758638781101,0.0136009845352331,0.0135893801368101,13
US-GLE,0.0002823761533726,0.0002871402419901,0.0168040516951322,0.0169452129520442,0.2984490999098986,0.2866129352134057,0.0248608824959402,0.0249695317451594,0.0127167669317198,0.0127713241322443,13
US-Goo,0.0003901055734148,0.0003922753197897,0.0197510904360956,0.019805941527475,0.6801224202442113,0.6783432782211374,0.0268501385449636,0.0269776403809002,0.0143503919802469,0.0144138008450018,13
US-HB1,0.0005578741250826,0.0005409334875754,0.0236193591166786,0.0232579768590354,-0.1351345908687466,-0.1006646221765352,0.0347719208213148,0.033890269601755,0.0179089433794088,0.0174570640270071,13
US-HWB,0.0013583514433646,0.0013588632576172,0.0368558196675191,0.0368627624794628,0.4772391188162027,0.4770421473542131,0.0492704853132172,0.0493316443077451,0.0215127298068658,0.0215312690343591,13
US-Hn3,0.0001838556690443,0.0001789048680076,0.0135593388129506,0.0133755324382872,-0.0830961921409505,-0.0539309573740096,0.0236609268286175,0.0233138930179285,0.0120720307436104,0.0118933113395196,13
US-Ho2,0.0005700767289755,0.0005723186457882,0.0238762796301173,0.0239231821835685,0.5811637178018203,0.5795165779431259,0.0351986827207863,0.0353188130389955,0.0186812601124886,0.0187378478645368,13
US-IB2,0.0004917869992612,0.0004952729874242,0.0221762710855828,0.0222547295518107,0.5963013162490776,0.5934397342327151,0.0280520139564184,0.0281370376925472,0.0151712725252441,0.0152205550349715,13
US-ICs,0.0002036173218422,0.0002057262375043,0.0142694541536211,0.0143431599553366,-2.631682704137078,-2.669296952596647,0.0202882166731228,0.0204046072208276,0.0102824111332442,0.0103408510147988,13
US-ICt,0.0002217491512181,0.0002237620690653,0.0148912441125028,0.0149586787205746,-3.155298393547799,-3.1930179259607065,0.0212347969325952,0.0213532758232188,0.0107421018922218,0.010801507270879,13
US-Ivo,0.000177460001696,0.0001801426492843,0.0133214114003012,0.0134217230370903,-0.8809564313859024,-0.9093906880414752,0.0206536917242031,0.0207283901625165,0.0104689578841009,0.0105075506731928,13
US-Jo2,0.0003509547071289,0.0003567185942521,0.0187337851788928,0.0188869953738576,-3.75770678788529,-3.835844747951564,0.032181914499709,0.0326510353041413,0.0163303744226871,0.016562659943223,13
US-KFS,0.0003728397773982,0.0003745568193759,0.0193090594643618,0.0193534704736894,0.5704529173219668,0.5684747207424402,0.0252992974527911,0.0253191313375238,0.0133240783348315,0.0133374011200414,13
US-KLS,0.0005606295841559,0.0005597997916796,0.023677617788872,0.0236600885813996,0.4011440516384291,0.4020304232719278,0.0295176250676339,0.029445388650374,0.0157985687250245,0.0157621192161239,13
US-KS1,0.0002120151221521,0.0002131813426892,0.0145607390661368,0.0146007308957208,0.8189754796698183,0.8179797275216187,0.0196648403207064,0.0195405273570762,0.0106142315459893,0.0105648506748199,13
US-KS2,0.0002100619629904,0.0002125969020964,0.0144935145147924,0.0145807030727752,0.8015306663711554,0.7991356222233104,0.0176514033337936,0.0177018968058001,0.0096344745264868,0.0096693167844554,13
US-KS3,0.0002065616895068,0.0002055811594181,0.0143722541553817,0.0143381016671706,0.7481960983892512,0.749391389261377,0.0153273613939311,0.0151927928266609,0.0082556492674752,0.008184191222737,13
US-LWW,0.0006731253191439,0.000659729269239,0.0259446587787143,0.0256851955265884,-1.269607280156658,-1.2244392088857214,0.0356409671353497,0.0358695424709948,0.0178225152139705,0.0179414320551712,13
US-Lin,0.0004596993588079,0.0004466989957449,0.0214406007100535,0.0211352548067199,-1.5535038135294736,-1.4812903635376329,0.0299698619516489,0.0297420531824666,0.0153149382959302,0.015199251573586,13
US-Los,0.0003265943028051,0.000327858472692,0.0180719202854923,0.0181068625855517,0.5526167506662094,0.5508850351193137,0.0267698825644031,0.0267709927096324,0.0138136137244199,0.0138177036146539,13
US-MOz,0.0005329690733659,0.0005327773960774,0.0230861229609036,0.0230819712346558,0.625164952086752,0.6252997579679981,0.0313876661268807,0.0313418418801335,0.016721764919717,0.01670013408799,13
US-Me1,0.000214229896466,0.0002137410670785,0.0146365944285557,0.0146198860145534,-1.284299299356757,-1.279086989376793,0.0243009107342543,0.0243343586694532,0.0123810198409957,0.0123961906940144,13
US-Me2,0.0002724638011013,0.0002723883718365,0.0165064775497798,0.0165041925533053,0.7273261649545719,0.7274016523654702,0.0212620635900774,0.021266975112452,0.0114865634939441,0.0114877784025766,13
US-Me3,0.0001981112703987,0.0001975347051954,0.014075200545595,0.0140547040237572,0.2408520478540767,0.2430614036998271,0.0193725361783488,0.019409892293123,0.0100361220602625,0.01005695541785,13
US-Me4,0.0006144161822002,0.0006173418077719,0.0247874198374959,0.0248463640754926,0.3028663895480212,0.2995468937784176,0.0324233605950882,0.0326202229799977,0.0172234919633869,0.0173388719591266,13
US-Me5,0.0001623639304226,0.0001594920510836,0.0127422105783357,0.0126290162357824,0.4089396661499763,0.4193942908715132,0.0164639781316463,0.0164884231615436,0.0085782755844256,0.0085881481382905,13
US-Me6,0.0002163025195962,0.0002174195058913,0.0147072267812889,0.0147451519453467,0.452871554054617,0.4500461825475167,0.019561822840017,0.0196252224299008,0.010191048221357,0.0102231525994262,13
US-Mpj,0.000324351752186,0.0003273140925452,0.018009768243541,0.018091823914279,-1.6204445418437334,-1.6443773511258697,0.0275844223487673,0.0277825668861629,0.0141323315358678,0.014233996055551,13
US-Myb,0.0004857861494349,0.0004895172498432,0.0220405569220686,0.0221250367195916,0.5782014941048665,0.5749618534123309,0.0256976190888025,0.0258999988180916,0.0139975208094391,0.0141062454398618,13
US-NC1,0.0007708425795789,0.0007732340959335,0.02776405193013,0.0278070871529819,0.6325843372101869,0.6314444409592981,0.0345374504240145,0.0346829554578174,0.019230608465895,0.0193044827804666,13
US-NC4,0.0010695812028454,0.0010775391834342,0.0327044523397871,0.0328258919670773,0.5210464803672291,0.517482933436854,0.0391149918208915,0.0392327703017958,0.0213573499661121,0.0214344217073424,13
US-NR1,0.0002736170018216,0.000278522861578,0.016541372428601,0.0166890042116962,0.4137116624947327,0.4031997120624758,0.0226264500549931,0.0227307009831897,0.0116521244844692,0.0117057406019916,13
US-ONA,0.0007896482940824,0.0007761181425874,0.0281006813811059,0.0278588970095274,0.343028157373584,0.3542849771822003,0.0418876906722396,0.0412963917687379,0.0227045515436878,0.0223953594937039,13
US-OWC,0.0006642901939452,0.0006675953316714,0.0257738276929373,0.0258378662368133,0.5311161547049732,0.5287832500490979,0.0337704232498498,0.0337783931243192,0.0182970440805014,0.0183110194238249,13
US-Oho,0.0009051653032245,0.0009078151110211,0.0300859652200909,0.0301299703123179,0.6038576512341696,0.6026979723549643,0.0376871703260967,0.037720820321519,0.0208960734890232,0.0209147144726696,13
US-Prr,0.0002269991366069,0.0002251565892451,0.0150664905205875,0.0150052187336648,-0.8183332614228829,-0.8035738874277165,0.0249976967006054,0.0248066447569954,0.0127234986966459,0.0126281729496129,13
US-Ro1,0.0011007635179556,0.0011024288086906,0.0331777563731429,0.0332028433826171,0.3718904198062781,0.3709401838587918,0.036033687894414,0.0360279656441191,0.0198075991984267,0.0198029092982155,13
US-Ro4,0.0006578804792746,0.00066021954052,0.0256491808694675,0.025694737603642,0.5424368869723413,0.5408100441358282,0.0325905869015944,0.0326151933010065,0.0176612687147773,0.0176747067876151,13
US-Ro5,0.001122911595525,0.0011245808579271,0.0335098731051765,0.0335347708792998,0.4201339863894194,0.4192719875120059,0.0362858413938005,0.0363143678191796,0.0200991740834156,0.0201117298794137,13
US-Ro6,0.0005622695876436,0.0005628520189394,0.0237122244347434,0.0237245025014114,0.498292266272175,0.4977725684405526,0.0317341420083252,0.0316999433098261,0.0169930778009974,0.0169753595924329,13
US-SRC,0.000513057966957,0.0005097671802568,0.0226507829215021,0.0225780242770888,-19.110480704192774,-18.98149079135992,0.0384110002990432,0.0384126399197786,0.0194080393649813,0.0194081160302363,13
US-SRG,0.0004841288141247,0.0004827977847953,0.0220029273989786,0.0219726599390089,-1.2330985270335315,-1.2269590047655037,0.0355056827008496,0.0356926665109037,0.0180889580407002,0.0181829882616728,13
US-SRM,0.0005220649917887,0.0005200890885513,0.0228487415799817,0.0228054618140348,-4.184398350388737,-4.16477652236816,0.037416489146158,0.0375723267662269,0.0189362658470132,0.0190140502805574,13
US-Seg,0.000528321243628,0.0005275651002305,0.0229852396904641,0.0229687853451268,-12.022530191759497,-12.00389209922976,0.0389902909256551,0.0390384995159663,0.0197003350390296,0.0197240535744974,13
US-Ses,0.0005682159776388,0.0005681823743461,0.0238372812551853,0.0238365763973382,-34.04068517683424,-34.03861293239616,0.0404200771058742,0.040532787885121,0.0204072955724385,0.0204635106414197,13
US-Sne,0.0004377834198527,0.0004418418859703,0.0209232745967912,0.0210200353465531,-0.0632710729840282,-0.0731281151374187,0.0264675266583509,0.0265574072842509,0.0137537130872597,0.0138003172621329,13
US-Snf,0.0002569950744704,0.0002608729496383,0.0160310659180986,0.016151561832788,0.7466225177608312,0.7427992295187587,0.019810510006986,0.0201144810955125,0.0108108265933704,0.0109711239277652,13
US-Syv,0.0004864824116063,0.0004862690979339,0.0220563462886848,0.0220515101055231,0.5822815049066997,0.5824646668547739,0.0312426821172088,0.0311604592922363,0.0164069579544339,0.0163689883963813,13
US-Ton,0.0003700243471355,0.0003680783457476,0.0192360169249144,0.0191853680117845,0.2551136542828235,0.2590310988344635,0.0258377710513683,0.0260665844131848,0.0133348162952029,0.0134503430134672,13
US-Tw3,0.0011188903930023,0.0011200870540468,0.0334498190279468,0.0334677016546829,0.5087270281807741,0.5082016083261965,0.033557585444407,0.0336195981537337,0.0197419517345726,0.0197745480365991,13
US-Tw4,0.000352106783254,0.0003540508595754,0.0187645086067825,0.0188162392516527,-0.189325862789458,-0.1958924509901682,0.0247577351749856,0.0247539137573629,0.0126747507848821,0.0126739835531327,13
US-Twt,0.001092934280751,0.0010960339997302,0.0330595565722088,0.0331064042102169,0.440063268539028,0.4384752073497824,0.0354148277220429,0.0354935642105193,0.0198690614049915,0.0199148155286006,13
US-Var,0.0006642553295795,0.0006571287577993,0.0257731513319486,0.0256345227729987,-0.0930405711779152,-0.0813137069101785,0.034238767507769,0.0341064855634995,0.0175580969757328,0.0174912525216267,13
US-WCr,0.000586563875894,0.0005881473770541,0.0242190808226491,0.0242517499792113,0.5692969272775077,0.5681341914811648,0.0343843222510863,0.0343795672090222,0.0181163519370858,0.0181129273984063,13
US-WPT,0.0003566851431308,0.0003581631691142,0.0188861097934651,0.0189251993150455,0.2853761255512663,0.2824148789865567,0.0294540292085337,0.0294183676510494,0.0150901633988644,0.0150711528847714,13
US-Whs,0.0006036602804836,0.0006012988054399,0.0245694989872337,0.0245213948510274,-22.22618932839466,-22.13533016765112,0.0409923083923488,0.0410652879525588,0.0206641338200588,0.0207006037660228,13
US-Wi0,0.000616862912572,0.0006154246328693,0.0248367250774349,0.0248077534829213,0.6101116334304257,0.6110206984958129,0.0333035522042032,0.0332148994108283,0.0177221528700394,0.0176876639456664,13
US-Wi1,0.0020819833675323,0.0020868559239398,0.0456287559279491,0.0456821182076735,0.5209038465060034,0.519782596899055,0.0513398889179657,0.0512197639485036,0.0299224535207692,0.029881048826076,13
US-Wi2,0.0004707183498799,0.0004687340696653,0.0216960445676162,0.0216502671961656,0.3604562249470785,0.363152176909744,0.032200193864099,0.0319583965208564,0.0167128900816664,0.016602052620704,13
US-Wi3,0.0006970136454648,0.0006963710293623,0.0264010159930427,0.0263888428954809,0.6402754073770501,0.6406070577216254,0.0367980121223429,0.0366800359699755,0.0198164753988616,0.0197700512916281,13
US-Wi4,0.0007057449578407,0.0007066188627691,0.0265658607585143,0.0265823035640085,0.621194271516081,0.6207252066091021,0.0359941266746714,0.0358473623146273,0.0194420532536293,0.0193866745257249,13
US-Wi5,0.0004113210777427,0.000408703801426,0.0202810521852961,0.0202164240514011,0.6169784796388048,0.6194156830991846,0.0263266173073338,0.0262018640557525,0.0137496741093455,0.0136933798123275,13
US-Wi6,0.0004204999549052,0.0004139561124743,0.0205060955548641,0.0203459114436863,0.0941134592576535,0.1082109132852487,0.0278226626338026,0.0275392084376222,0.0141682064286412,0.0140263635437102,13
US-Wi7,0.0005262006517183,0.0005152706564453,0.0229390638806024,0.0226995739265149,0.3313563999010644,0.3452451538669994,0.0325958911242746,0.0320788509332972,0.0167821540401687,0.0165186599329852,13
US-Wi8,0.0005740782686918,0.0005556982019163,0.0239599304817829,0.0235732518316074,0.2662467765570079,0.2897391015222831,0.0367755745257053,0.0360511704556484,0.0188863183324866,0.0185125472671728,13
US-Wi9,0.000679675548806,0.0006626245541715,0.0260705878109046,0.0257414947928732,0.0842641923104892,0.1072372216787347,0.0371707422927169,0.0365608907464677,0.0191193202220379,0.0188079359372862,13
US-Wjs,0.0003342814407651,0.0003356159975761,0.0182833651378826,0.0183198252605235,-1.5377936390402396,-1.547925310658238,0.0309740239200317,0.0310510026366216,0.0158093365739935,0.0158489695554101,13
US-Wkg,0.0005617233029915,0.0005629136937764,0.0237007025843454,0.0237258022788777,-5.414686910596125,-5.428280763913427,0.0390861223228379,0.0392964218587291,0.0197537047736535,0.0198590789409284,13
US-xAE,0.000299675312296,0.0003010398116712,0.0173111326115907,0.0173504988882534,-0.044167569813752,-0.0489219354159815,0.0270442792768632,0.0270893144891613,0.0138697030763534,0.0138934199143546,13
US-xBR,0.0005026147138093,0.0005047037307591,0.0224190703154548,0.0224656121830494,0.6370213139736594,0.6355126660834995,0.0308877514467144,0.0309333274010396,0.016357693427428,0.0163825766831663,13
US-xCL,0.0002850999946195,0.0002862140240658,0.0168849043414391,0.0169178610960678,0.6901568812176955,0.6889461679080867,0.0217012000073063,0.0217500819835743,0.0115837357316551,0.0116096086247997,13
US-xCP,0.000393267495245,0.0003931036230774,0.0198309731290496,0.0198268409757439,-3.157407799038221,-3.1556754325546814,0.0331260445685241,0.0331008252670545,0.0167562376928416,0.0167437952731167,13
US-xDC,0.000212008561107,0.0002135950408763,0.0145605137652156,0.0146148910661809,0.4080717360338239,0.4036422818138845,0.0226883161886045,0.0226874010129659,0.0116238116916841,0.0116234670827922,13
US-xDL,0.0009322427385307,0.0009337189515317,0.0305326503685925,0.0305568151405179,0.5789336026011942,0.5782668409687722,0.0393123308315407,0.0393680089702489,0.0214430822887122,0.0214696092349697,13
US-xDS,0.000147539335025,0.000149416280181,0.0121465770908942,0.0122235952232166,0.7676663977995737,0.7647107288645455,0.0152212530210291,0.0154437421648256,0.0080329678265879,0.008144867590076,13
US-xGR,0.0010027297434185,0.001004029170063,0.0316659082203331,0.031686419331679,0.5990120522534048,0.5984924163028211,0.0413706023352863,0.0414004362796777,0.0225711479964674,0.0225869958695761,13
US-xHA,0.0007700972708733,0.0007721989402914,0.0277506264951509,0.0277884677571723,0.5990735109437906,0.5979793440472196,0.0374124481246635,0.0375209758998334,0.0201261759462957,0.0201788633647915,13
US-xHE,0.0002265304368055,0.0002288796625817,0.0150509281044559,0.0151287693677223,-0.6241686367146666,-0.6410120193528845,0.0238767746214482,0.0238906088052016,0.0121684092297865,0.0121766297643306,13
US-xJE,0.0005348596441945,0.0005351352797339,0.0231270327581076,0.0231329911540621,0.6768248897746905,0.6766583441271108,0.0269146589804608,0.0269667905585981,0.014767027181539,0.0147924561725317,13
US-xKA,0.0004692640226745,0.000470468487364,0.0216625026872377,0.021690285552846,0.3782155789296153,0.3766196385987502,0.0284006763775395,0.0283857961169389,0.0149406738801618,0.0149330843051466,13
US-xKZ,0.0003697241484569,0.0003710292220422,0.0192282123052802,0.0192621188357416,0.6039586320936691,0.6025606624719962,0.0264105079903511,0.0264144688448367,0.013926406439414,0.0139288348168455,13
US-xMB,0.0005646710648886,0.0005662544940227,0.0237628084385806,0.0237961024964755,-63.55703835927875,-63.73806675209853,0.0398468196645427,0.0399798581854039,0.020067193229031,0.0201333424501932,13
US-xML,0.0004964170184946,0.0005007430949145,0.0222804178258537,0.0223772897133354,0.2324991246600073,0.22581066049504,0.0317146495957244,0.0317965209377536,0.0162693679140212,0.0163102516851212,13
US-xNG,0.0002309965720619,0.0002328539559931,0.0151985713822693,0.0152595529421116,0.1268894318481763,0.1198689746831881,0.0234809955080864,0.0235016986120504,0.0120090472389882,0.0120203758547678,13
US-xNQ,0.0004327457002096,0.0004334642187631,0.0208025407152493,0.0208198035236439,-17.95424710203322,-17.985718190491102,0.0347337357922357,0.034757946841143,0.0175370507100275,0.0175500507226999,13
US-xRM,0.0002627753757557,0.0002651565942833,0.0162103477987296,0.0162836296409405,-0.0881331608254964,-0.0979936085007513,0.0228798232097133,0.0229618859625021,0.0117146385506515,0.0117568183717953,13
US-xSB,0.0001298053377216,0.0001303283915415,0.0113932145473368,0.0114161460897069,0.8090462471207592,0.8082767942491166,0.0139243144296692,0.0140450761261062,0.0073988874382019,0.0074574676036839,13
US-xSE,0.0006570748988147,0.0006587050250141,0.0256334722348477,0.0256652493659062,0.5917171509795336,0.5907042488428522,0.0327751893467318,0.0327952725672622,0.0176593041512131,0.0176695180095167,13
US-xSR,0.0004934919484392,0.0004898088886781,0.0222146786706287,0.0221316264354453,-12.676550902543775,-12.57447921837498,0.0373229523072955,0.037508965079904,0.0188446648513529,0.0189372564847448,13
US-xST,0.0004586529349944,0.0004605146044514,0.0214161839503307,0.0214596040143211,0.6584830907079329,0.6570968756625468,0.0297774865985634,0.0298113226838389,0.015876275670814,0.015893597505861,13
US-xTA,0.0004181375141639,0.000419065128587,0.0204484110425223,0.0204710802984865,0.7140050587814946,0.7133705951817659,0.0276162067384705,0.0276486247705633,0.0147279163501972,0.0147451620106733,13
US-xTR,0.0004733262967307,0.0004756122661003,0.021756063447479,0.021808536541923,0.6031541384036796,0.6012375377619001,0.0305657172062188,0.0306247350065773,0.0160824369635119,0.0161118682718017,13
US-xUK,0.0005349043492919,0.0005360878542407,0.0231279992496522,0.0231535710904551,0.6430886176570431,0.6422989318228189,0.0288498480278362,0.0288523961757096,0.0155757827623496,0.0155774556782928,13
US-xUN,0.0004111145493997,0.0004126042174595,0.0202759598884913,0.020312661506055,0.6104694383222597,0.6090579795526325,0.0295205447408953,0.0294929662941015,0.0154565594960163,0.0154422734239143,13
US-xYE,0.0002467751222463,0.0002486138939776,0.0157090777019639,0.015767494854215,0.1473153612999062,0.1409618342703836,0.024721779979313,0.0247060006205914,0.0126327829584597,0.01262524642178,13
ZM-Mon,0.0003807891330578,0.0003778215411919,0.0195138190280083,0.0194376320880895,0.6476872483576888,0.6504329161440597,0.025417437413509,0.0254769066846162,0.0137680940089306,0.0137925455812218,13
