site_left_out,mse,rmse,r2,relative_error,mae
AR-SLu,0.0010049475609376,0.0317009078882235,0.5287587875318654,0.0392433784317705,0.0225650054667924
AT-Neu,0.0015501773222855,0.0393722913009334,0.4973815541053322,0.0420463107361241,0.0243758631648439
AU-ASM,0.0005997139915451,0.0244890586087971,-6.257219892274839,0.0395712789778897,0.0200523790781024
AU-Cpr,0.0003544314548592,0.0188263500142556,-1.9718140792729808,0.0278684369710698,0.0142202702120835
AU-Cum,0.0003118764653375,0.0176600244999142,0.4627302988407906,0.0206435019103133,0.0108324286403687
AU-DaP,0.0007544816518401,0.027467829398045,0.478464161045261,0.0369512439289321,0.0197253152950581
AU-DaS,0.0003522273484501,0.0187677209178446,0.628617681252971,0.0246713692801632,0.0132344240844149
AU-Dry,0.0003026471420892,0.0173967566543083,0.4159271968235433,0.0247101037674284,0.0128812198340298
AU-Emr,0.0004746246101591,0.0217858809819364,-1.4976849977072555,0.0311978417291076,0.0159103972428928
AU-GWW,0.0003991583828484,0.0199789484920617,-4.713680324817255,0.0317716946466257,0.0162148058141711
AU-Gin,0.0001577798225094,0.0125610438463316,0.6159105364628205,0.0163816234313996,0.0085965792079082
AU-How,0.000453078784424,0.0212856473809014,0.6841951669181255,0.0240757023141854,0.0133454120168671
AU-Lox,0.0013454737228781,0.0366806995963571,0.4624023969405232,0.0430900242673996,0.0251467436588308
AU-RDF,0.0006832164468722,0.0261384094174113,-0.2762212509279684,0.0373624585527199,0.0190532538378862
AU-Rig,0.0004870932430704,0.0220701890130214,0.3373960898285263,0.0297764556623569,0.0155715587019491
AU-Rob,0.0007433585764865,0.0272646029952127,0.4958616405464696,0.04489838793352,0.0233305588599887
AU-Stp,0.0005867674816094,0.0242232838733609,-2.191511671389137,0.0374195537372577,0.018975722675238
AU-TTE,0.0008132067696623,0.0285167804925869,-19.5929280740852,0.0471645429452808,0.0236484063322569
AU-Wac,0.0013741936120491,0.0370701175078952,0.3248040892724421,0.0464639366165177,0.0246656005307566
AU-Whr,0.000119037722218,0.0109104409726661,0.7655717147817725,0.0150619257756439,0.0079307139255942
AU-Wom,0.0003569419086169,0.0188929063041372,0.7471861621053635,0.0283854993427582,0.0153200214654937
AU-Ync,0.000700198375094,0.0264612617819714,-6.125927399647571,0.039423057707474,0.0198638991608001
BE-Bra,0.000443466509957,0.021058644542254,0.6270153676174313,0.0250482603404054,0.013457863015687
BE-Dor,0.0009270897936679,0.030448149265069,0.5427328546239396,0.0319743044791969,0.0185485504060207
BE-Lcr,0.0010857146655186,0.032950184605229,0.4833354628688215,0.0320111118039463,0.0186168400353685
BE-Lon,0.0009283265620299,0.0304684519139047,0.4303494590573383,0.0287941092412913,0.0162882085609011
BE-Maa,0.0002186944868654,0.0147883226521952,-0.3601191375461245,0.0191506353648316,0.009852300651252
BE-Vie,0.0004505974376834,0.0212272805060716,0.6763568564901135,0.0279269314081209,0.0152020922573185
BR-Npw,0.0011041169783394,0.033228255722193,0.5175708253043488,0.0407801483063686,0.0220252498934713
BR-Sa3,0.0015135186952738,0.0389039676032392,0.5388558832555124,0.055186441419461,0.0303755630062051
CA-ARB,0.0002940974273607,0.0171492690036851,-1.9546788365847745,0.0229068267053425,0.0117180391786061
CA-ARF,0.0002643695848438,0.016259446018973,-0.3150730392356529,0.0213111829994235,0.0108978171635307
CA-DB2,0.0003657735107363,0.0191252061619302,-2.321412263133031,0.0250692332574199,0.0128363470203835
CA-DBB,0.0004557700450498,0.0213487715114916,-2.775772793382328,0.0282866062646237,0.0144558532556444
CA-Gro,0.0003311335471298,0.0181970752355924,0.5692602404998485,0.0265388608052758,0.0138036946592307
CA-LP1,0.0001898864590484,0.0137799295734197,0.1643641367178285,0.0206393086143299,0.0105843331280805
CA-NS1,0.0001769347945425,0.0133016838987598,0.5681156745265141,0.0200075025336409,0.0102671833415169
CA-NS2,0.0002017755600551,0.0142047724394002,0.4199838507189721,0.0203550619397417,0.0104534848911411
CA-NS3,0.0001989244872359,0.0141040592467529,0.2585224421545985,0.0222232534024798,0.0113162648203698
CA-NS4,0.0002287552680403,0.0151246576172932,-0.1332768139040681,0.0228993139182425,0.0117231077011396
CA-NS5,0.0001997289069614,0.0141325477873409,0.5453668710734022,0.0219358567268049,0.0112543223233761
CA-NS6,0.0002243509170054,0.0149783482736067,-0.2000304598913407,0.0231522383945904,0.0117850020547216
CA-NS7,0.0002094461423164,0.0144722542237367,-0.056125169368034,0.0220732570396537,0.0112481557018976
CA-Oas,0.0004414309018799,0.021010257063634,0.6048130161273777,0.03053239473944,0.0161683983731051
CA-Obs,0.00015227559037,0.0123399996098061,0.6327629783742958,0.0182004526855335,0.0093895434664007
CA-Qfo,0.0002153062570487,0.0146733178609586,0.2308880613157974,0.019157513145594,0.0098247655339384
CA-SF1,0.0003313418914283,0.0182027989998334,0.6795049025700047,0.0244141583609453,0.0130803955627639
CA-SF2,0.0007798456845943,0.0279257172619492,0.5710390645900276,0.0365261181879541,0.0201905261086532
CA-SF3,0.0003415320583921,0.0184805859861666,0.0584468880887305,0.0260697255843835,0.0134139401565313
CA-TP1,0.0002893805328754,0.017011188461581,0.5904908807293267,0.0242239647491234,0.0126854339652942
CA-TP4,0.0004633277284848,0.0215250488613813,0.6468968447300846,0.0279617925281018,0.0149735557508091
CA-TPD,0.0005287329730289,0.0229941943331126,0.6447541687241187,0.0318783169201573,0.0169930063713682
CH-Aws,0.0009826496073997,0.0313472424209804,0.5274815094019968,0.0354687256060196,0.0196840603858547
CH-Cha,0.0017650271797088,0.0420122265502414,0.4424380674876763,0.0464655412995126,0.0268826024811059
CH-Dav,0.0004440274707723,0.0210719593482045,0.5859207330034165,0.0259136921728523,0.0135361372354651
CH-Fru,0.0009665852922203,0.031089954844296,0.5874582888668154,0.0374670514981987,0.0210030669962958
CH-Lae,0.0015172096757567,0.0389513757877279,0.367905701774569,0.0484744783571119,0.0251517736300608
CH-Oe1,0.0009123789802231,0.0302056117339671,0.5184105215620238,0.0297952609395382,0.0172864676801755
CH-Oe2,0.0008259694068193,0.0287396834850243,0.4702373614231108,0.0293581073589869,0.0163039180883839
CN-Cha,0.00061145480688,0.0247276122357178,0.6154541725259393,0.0327240856416182,0.0178252231956934
CN-Cng,0.0002635515348628,0.0162342703828303,0.0366005734527541,0.026670405017516,0.0136762429890265
CN-Dan,0.0004709752617823,0.021701964468276,-5.940967048498429,0.035369413215017,0.0179575279516941
CN-Din,0.0003089130754877,0.0175759231759738,0.6296504833579606,0.0269563665675425,0.0140523732609833
CN-Du2,0.0004099838148335,0.020248057063175,-3.57566104042761,0.0326486649922941,0.0165333153221014
CN-Du3,0.000456073683158,0.0213558816993825,-21.587258376611413,0.0361359353631464,0.0180321718258586
CN-Ha2,0.000302603158407,0.0173954924738302,0.433593570412646,0.0277188328777196,0.0142795529229155
CN-HaM,0.000390808933458,0.0197688880177421,0.0364536041075475,0.0315960537144138,0.0160846423060476
CN-Qia,0.0003400447694179,0.0184403028559163,0.7272005007218472,0.0221989863963147,0.0122156600124134
CN-Sw2,0.0007462261828966,0.027317140825801,-4.1511702913261646,0.0439534255119642,0.0219267333942078
CZ-BK1,0.0007479500058775,0.0273486746640051,0.5940404089501097,0.0384722662275427,0.0208900931690162
CZ-BK2,0.0004014391256939,0.0200359458397639,0.5464940986541844,0.0314265349048297,0.0164040818817502
CZ-KrP,0.0004438342560301,0.0210673742082434,0.5580883750013295,0.0237565651299288,0.0128497191614459
CZ-Lnz,0.0007306947376904,0.0270313658125236,0.6677947021431198,0.0340958022579364,0.0189125105968145
CZ-RAJ,0.0003003061821347,0.0173293445385211,0.7143609633032042,0.0243762787218308,0.0130498659681402
CZ-Stn,0.0005446912566055,0.0233386215660983,0.6485278391469924,0.0315022884943518,0.0168715516423002
CZ-wet,0.000305745141636,0.0174855695256413,0.6731811675103001,0.0228981305203554,0.0121968624734979
DE-Geb,0.0006311778283421,0.0251232527420742,0.5178908970590452,0.0261619865533697,0.0144301632152994
DE-Gri,0.0004695697607523,0.0216695583884947,0.634971871388087,0.0289668063027908,0.0156400773167014
DE-Hai,0.0005367991907072,0.0231689272670803,0.6634494691577233,0.0311230778852716,0.0167744001409425
DE-HoH,0.0005544228876909,0.0235461862663766,0.678119424521997,0.0298978590884235,0.0162874126735515
DE-Hte,0.000276804957717,0.0166374564677741,0.4919979896848995,0.023753854696839,0.0122637321723481
DE-Hzd,0.0005933457809656,0.0243586900502813,0.5714623995071193,0.035302207836748,0.0186927300787805
DE-Kli,0.0006450897339779,0.025398616772926,0.5142884231855376,0.0256815049923595,0.0142526430251766
DE-Lkb,0.0002499136844128,0.0158086585266708,-0.4584694145277861,0.0221278122620023,0.011353275738065
DE-Lnf,0.0006155799436661,0.0248108835728632,0.646779212127889,0.0287780278812085,0.016032243528078
DE-Obe,0.0005226498846743,0.0228615372334046,0.628459444233498,0.033073246418392,0.0177683695149935
DE-RuR,0.0005543954563054,0.0235456037575051,0.650581648590239,0.0279825722450388,0.0155399152562116
DE-RuS,0.0012014911855718,0.0346625328787709,0.4182794546076602,0.031577961153806,0.0183857441590571
DE-RuW,0.0008425853279038,0.0290273203707102,0.5448534050640352,0.0388233979034797,0.0210586528031812
DE-Seh,0.0008833846277594,0.0297217870889254,0.4815704177692644,0.0308493832207194,0.0174818754668025
DE-SfN,0.0002092184163215,0.014464384408662,0.4332200064963468,0.0193048889347062,0.0099402840942171
DE-Tha,0.0002791662087536,0.0167082676766216,0.6947257668029806,0.0249908066515992,0.013131317077077
DK-Fou,0.0003381375409556,0.0183885165512502,0.565802589730451,0.0220203494793967,0.0118648078335036
DK-Gds,0.000679950155286,0.0260758538745347,0.5184895936994889,0.0330908332081805,0.0178350059582176
DK-Skj,0.0002618612254449,0.0161821267281206,0.6765120222695,0.0193884549962153,0.0103593345892139
DK-Sor,0.0010311639946349,0.032111742317024,0.5420957609215666,0.0315357011945912,0.0183868223051534
DK-Vng,0.000487100825169,0.0220703607847509,0.5754292445903524,0.0231574360629231,0.0127370275865768
ES-Abr,0.00027942303802,0.0167159516037829,0.3530670760380141,0.0239292636178674,0.012415111972692
ES-Agu,0.0004176331526589,0.0204360747859997,-3.346068776091161,0.0320740484078498,0.0162001240302661
ES-Amo,0.0008040519668996,0.0283558101083289,-12.670825456944304,0.0434761599318827,0.0216236883389534
ES-LJu,0.0004897502997034,0.0221303027476676,-14.83107590766718,0.0349936687114294,0.0176687155624912
ES-LM1,0.0002488596568069,0.0157752862670377,0.6201154720920115,0.0210258091705376,0.0111728282869346
ES-LM2,0.000232941694925,0.0152624275567517,0.6297570452206487,0.0207456203098509,0.0109856681967389
ES-LgS,0.000337739354836,0.0183776863297861,-2.366067220731567,0.0269263528774349,0.0137937073507825
FI-Hyy,0.0001775163017062,0.0133235243725635,0.7495582115095991,0.0193631595956692,0.0102007546920074
FI-Ken,0.0001209876366397,0.0109994380147228,0.630842973604293,0.0177764408624716,0.0091196904944912
FI-Let,0.000327675041516,0.0181017966377947,0.6527530338377894,0.0229445868505342,0.0123221046105888
FI-Lom,0.0001519338352474,0.0123261443788158,0.2719159618066108,0.016143111310192,0.0082349076225902
FI-Qvd,0.0003657927383493,0.0191257088325984,0.6712417225576902,0.0222779098293366,0.0122751906032995
FI-Sii,0.0001918247557398,0.0138500814344107,-1.2406499979249674,0.0196965034303889,0.0100824173117911
FI-Sod,0.0001018744632188,0.0100932880281347,0.594854286194761,0.0136238707514916,0.0070047667874646
FI-Var,0.000163775548776,0.0127974821264198,0.0900682448967267,0.0207215249569918,0.0105522984176616
FR-Aur,0.0006445239121968,0.0253874754986952,0.4469355211938831,0.0277609258564303,0.0151925551249995
FR-Bil,0.0004587316132961,0.0214180207604748,0.6316200598289502,0.0243057275221531,0.0135955245991517
FR-EM2,0.0016815130643954,0.0410062564055227,0.3447758842282569,0.0352388782092437,0.0209459554118148
FR-FBn,0.0002695494599159,0.0164179615030605,0.7044269317864416,0.02148485879027,0.0116049918725109
FR-Fon,0.0009308199795804,0.0305093424966913,0.5643332351646977,0.0353778494029826,0.0196448478215377
FR-Gri,0.000810643207417,0.0284717967015971,0.4581743269358258,0.0271463901071008,0.0153196640930865
FR-Hes,0.0009169750129772,0.0302815952845488,0.5870280986743761,0.0376991184316489,0.0207325359402771
FR-LBr,0.0004398168072297,0.0209718098224678,0.659828743187229,0.0249256790998162,0.0138012889269667
FR-LGt,0.0002681070104179,0.0163739735683774,0.6323060065418076,0.0237402356832021,0.0123932883994597
FR-Lam,0.0009892659436143,0.0314525983602994,0.3974368508633619,0.0316820575550157,0.017767855442378
FR-Mej,0.0009480811259379,0.0307909260324842,0.4790632310531602,0.0316063442872715,0.0180707631688127
FR-Pue,0.0002071314866797,0.0143920633225307,0.6166311409172622,0.0191103348554876,0.0100231433535716
FR-Tou,0.0002932502822589,0.0171245520308994,0.5843952251714589,0.0215419586360208,0.0115361716914842
GF-Guy,0.0016222450886425,0.0402771037767438,0.5612757370112205,0.0565527621817744,0.0314608827469391
GH-Ank,0.0015455504805601,0.0393134898038846,0.5049974141903584,0.0464205180337663,0.0261269772009493
GL-NuF,0.0002092227984329,0.0144645358872297,-0.7766445333466672,0.0200185888172978,0.0102495010918452
GL-ZaF,0.0001575846806982,0.0125532737044261,-0.075779730932332,0.0197374070223392,0.0100346085599563
GL-ZaH,0.0002461621273822,0.0156895547222431,-14.26423144335051,0.0243605200998992,0.0123397448986057
IL-Yat,0.0004732921286884,0.0217552781799822,-1.033690708024983,0.0320546443006291,0.0163623088333927
IT-BCi,0.00168229914236,0.041015840139634,0.324410663049006,0.0390698482877445,0.0228234539569831
IT-BFt,0.0013714961469231,0.037033716353117,0.4946209024862007,0.0433551210529366,0.0248798130003593
IT-CA1,0.0002974550964413,0.0172468865724027,0.6415025698334786,0.0194262796143303,0.0105692859330199
IT-CA2,0.0005363514692078,0.0231592631404333,0.3845546147160116,0.0273412892049594,0.0146581703503589
IT-CA3,0.0004892448094008,0.022118879026769,0.5727590067228223,0.0209841195109275,0.0117910549572775
IT-Col,0.0005807065793337,0.0240978542474992,0.6385975018055519,0.0317149578690826,0.017189770934801
IT-Cp2,0.0005969424821167,0.0244324063922643,0.5932532746060063,0.0354525046010087,0.019134146737188
IT-Cpz,0.0003514289234063,0.0187464376190868,0.7122899474152151,0.0275286655456222,0.014792325815739
IT-Isp,0.0011406631891295,0.0337737055877726,0.5314164225668744,0.0353975719352136,0.0205609507702688
IT-La2,0.0008657705607941,0.0294239793500832,0.5389203301082466,0.0396505088853808,0.0215814373328531
IT-Lav,0.0008412645680813,0.029004561159951,0.6084343889292136,0.0381190115089678,0.0211616688610083
IT-Lsn,0.000178723888898,0.0133687654216115,0.7592879530949552,0.0168012501222374,0.0090215267040162
IT-MBo,0.000508604506227,0.0225522616654531,0.6478712532150475,0.0294878953800895,0.0160317237618813
IT-Noe,0.0002312116325917,0.0152056447608044,0.529507434165297,0.0202120161001811,0.0105357252874778
IT-PT1,0.0007921982027934,0.0281460157534504,0.5751087515467774,0.0302488133532622,0.0172087374678497
IT-Ren,0.000404947195976,0.0201232998282098,0.6708933018856555,0.026517706590578,0.0142967415559737
IT-Ro1,0.0003977576607999,0.0199438627351854,0.6591425819030107,0.0224379600287982,0.0123691969519664
IT-Ro2,0.0005930761949857,0.0243531557500411,0.5783598095202884,0.0289865245230148,0.015852583436742
IT-SR2,0.0010115527722933,0.0318049174231501,0.5590385559608015,0.0394366055359273,0.0223994799190766
IT-SRo,0.000543682571284,0.0233170017644639,0.6432800577236903,0.0294746533795196,0.0162697656553454
IT-Tor,0.0003232138019116,0.0179781478999272,0.5698940533980043,0.026163940581648,0.013503171709866
JP-SMF,0.0003535872543283,0.0188039159306861,0.6496098681221302,0.0258222052024668,0.0136308031744722
MX-Tes,0.0006321709248893,0.0251430094636534,-5.990001209119403,0.037976346122891,0.019334003435614
MY-PSO,0.0008255106345551,0.028731700864291,0.6319238332786805,0.0459824929552339,0.0243672495511945
NL-Hor,0.000296411498929,0.0172166053253551,0.7166559913840634,0.0218840485028329,0.0118567007292204
NL-Loo,0.0003847330083114,0.0196146121121833,0.677273591345484,0.0262329746958017,0.0142014578131833
PA-SPn,0.0004695413034905,0.0216689017601379,0.706118629548501,0.0296525674894768,0.0161019626142377
PA-SPs,0.0009944395854189,0.0315347361717029,0.6075954052996544,0.0415570480870155,0.0233293353953836
RU-Che,0.0001786292888724,0.0133652268545065,-0.607925867136452,0.0206776473287729,0.0105034058786644
RU-Cok,0.0002028503399653,0.0142425538428087,-0.1311453987655506,0.0202878476525259,0.0103934780037728
RU-Fy2,0.0004866474161885,0.0220600864954914,0.6795766269418237,0.0287843705039032,0.0155766768103629
RU-Fyo,0.0003335552608152,0.0182634953066276,0.712004611693811,0.0248705477416595,0.013314975222275
RU-Ha1,0.0001315986145336,0.0114716439333534,0.5135674139357738,0.0180536885982373,0.0092948528540117
SD-Dem,0.000522338082798,0.0228547168610348,-0.3521501963334805,0.0387317998367394,0.0198948835244198
SE-Deg,0.0002824742284047,0.0168069696377658,-4.191255463861402,0.0237414083839383,0.0121096937370517
SE-Htm,0.0007202347046063,0.0268371888357619,0.6091698009540959,0.0334583936484284,0.0186609697816019
SE-Lnn,0.0003695805435532,0.0192244777186079,0.5559556202448166,0.0246699689020661,0.0131536036902164
SE-Nor,0.0002663237181924,0.0163194276306636,0.7233845142901625,0.0218352676319752,0.0116911090655606
SE-Ros,0.0001273007712045,0.0112827643423304,0.7499869563047734,0.0170366020536724,0.0088574059692521
SE-Svb,0.0001888688998076,0.0137429581898391,0.7318787268057301,0.0198349837045871,0.0104443833427584
SJ-Adv,0.0001104825810689,0.0105110694541008,-0.1602228774821184,0.018177416914866,0.0092412666271527
US-A32,0.0009359818608694,0.0305938206321059,0.47015364833899,0.0318784839698271,0.0181416036195809
US-AR1,0.0003775077490885,0.0194295586436893,-0.580435919421761,0.0300755864537604,0.0153449020946491
US-AR2,0.0004716796391223,0.0217181868286083,-2.863394094816919,0.0332223862139593,0.0167963102544436
US-ARM,0.0005281543341395,0.0229816086064388,0.4103255332548733,0.0291000999194021,0.0155882564615503
US-ARb,0.0006245953256412,0.024991905202309,0.5040852182556494,0.0312480928237286,0.0167935894672587
US-ARc,0.0004431849875167,0.0210519592322614,0.5913030044681548,0.0283117730764237,0.0151251783025051
US-Atq,0.0001938563349758,0.0139232300482281,-2.9736490756607816,0.0226501882915983,0.0114305774169343
US-BZB,0.0001256900845149,0.0112111589282705,0.2889955012102736,0.0180000704771616,0.0091939612135935
US-BZF,0.000167141236037,0.0129283114147616,0.3703930780167194,0.0193534665632076,0.0098899734306162
US-BZS,0.0001369900695412,0.0117042756948599,0.6819788608687378,0.0177275445703156,0.0091681551949827
US-BZo,0.0002085361005707,0.0144407790846175,0.0573575071052572,0.0216212815702575,0.0110169473342147
US-Bi1,0.0013594358128294,0.0368705276993622,0.48640655105008,0.0352264053889965,0.0209785335080745
US-Bi2,0.0021589923984582,0.046464958823378,0.4014468480385482,0.0446737528373711,0.0262060082597227
US-Blo,0.0002191251565554,0.0148028766310954,0.7803674875138892,0.020180843870104,0.0108880353409636
US-CF1,0.0005689322203207,0.0238523001054563,0.4125905276046284,0.0312010680656885,0.0166392243360893
US-CF2,0.0004668354337423,0.0216063748403648,0.4533684283049631,0.0303495599502252,0.0160468019131457
US-CF3,0.0006249503931759,0.0249990078438307,0.3646678916660876,0.0314013832131483,0.0168338891653344
US-CF4,0.0006486442984443,0.0254684961951881,0.3774720477013684,0.0338671895822354,0.0180393426540544
US-CRT,0.0012411107113752,0.0352294012349798,0.2286885026294419,0.0415181976994198,0.0223447184392782
US-CS1,0.0006697183001407,0.0258789161314902,0.4743870776938886,0.0302581920374714,0.0164218904859448
US-CS3,0.0008437641001361,0.029047617804842,0.4908256107869313,0.0313795009900819,0.0175015157294242
US-CS4,0.000789817748156,0.0281036963432944,0.5290806620738951,0.0310145225425874,0.0172982816261078
US-EDN,0.0002625293325881,0.0162027569440569,-0.2817298558326777,0.0263515499876674,0.0135292792445507
US-GLE,0.0002865652447843,0.0169282380886001,0.2880414900062086,0.0251057692991025,0.0128386727189169
US-Goo,0.0003943101212314,0.019857243545655,0.6766747879333515,0.027091737645338,0.014473571313464
US-HB1,0.0005536870036526,0.0235305546822133,-0.1266148439264511,0.0346111675628797,0.0178235660338748
US-HWB,0.0013596162482226,0.0368729744965426,0.4767523592921328,0.0494365711227516,0.0215705370976602
US-Hn3,0.0001790899216553,0.0133824482683611,-0.0550211108742666,0.0232966007839313,0.0118867985939945
US-Ho2,0.0005730411163801,0.0239382772224774,0.5789857776466765,0.0353751737485669,0.0187643007061106
US-IB2,0.0004958851106341,0.0222684779595322,0.5929372538204343,0.0281956351673382,0.0152490222826424
US-ICs,0.0002101889849178,0.0144978958789829,-2.7488937297654705,0.0208742129831606,0.0105784575790269
US-ICt,0.0002283281387457,0.0151105307234978,-3.2785802918302496,0.0218156219711585,0.0110350049332703
US-Ivo,0.0001838624346256,0.0135595882911552,-0.9488179059732552,0.0211314225353526,0.0107109245223163
US-Jo2,0.0003527928466513,0.0187827805889156,-3.78262547028318,0.0324018955411588,0.0164381192972846
US-KFS,0.0003755503737566,0.0193791221100613,0.5673300510704202,0.025330699571147,0.0133462862820138
US-KLS,0.000559114611011,0.0236456044754843,0.4027623227840269,0.0293913510959084,0.015735075988133
US-KS1,0.000215044743657,0.0146644039652836,0.8163887029619123,0.0196238591707097,0.0106146228949005
US-KS2,0.0002150935147489,0.0146660667784161,0.7967767894178759,0.0177807411637095,0.0097178333673523
US-KS3,0.0002087167402213,0.0144470322288464,0.7455690372950092,0.0156162168224549,0.0084056944682002
US-LWW,0.0006578511526372,0.0256486091754935,-1.2181066776447325,0.0356713732804022,0.0178410664688718
US-Lin,0.0004489166893489,0.0211876541728663,-1.4936090430540605,0.0296929527430448,0.015174889899426
US-Los,0.0003311955228603,0.0181987780595375,0.5463137969359174,0.0269588337045893,0.0139125320780059
US-MOz,0.0005331136322369,0.0230892536093504,0.625063284402785,0.0313590344042862,0.0167115832972794
US-Me1,0.0002142044217561,0.0146357241623427,-1.2840276665790102,0.0243309547573815,0.0123946848042532
US-Me2,0.0002702687008609,0.0164398509987446,0.7295229573301315,0.0212566842505076,0.0114758996916907
US-Me3,0.0001966915610495,0.0140246768607905,0.2462922706281844,0.0192511003977395,0.009975118685818
US-Me4,0.000614405573594,0.0247872058448311,0.3028784263663774,0.0325059446219001,0.0172721040703468
US-Me5,0.0001601232311124,0.0126539808405271,0.4170965793197272,0.0163922394557018,0.0085402957255696
US-Me6,0.0002171266040015,0.0147352164558781,0.4507870659920113,0.0195552302931401,0.0101858125248185
US-Mpj,0.0003284294481845,0.0181226225526136,-1.653388332498151,0.0276246564429715,0.01415695061833
US-Myb,0.0004899740621303,0.0221353577366706,0.574565212338066,0.025914554994265,0.0141159148149776
US-NC1,0.0007762117101184,0.0278605762703934,0.6300251860838512,0.0347967048953288,0.0193645340454128
US-NC4,0.0010821752149643,0.0328964316448506,0.5154069399428001,0.0392525431297817,0.0214577154689903
US-NR1,0.0002768103830685,0.0166376195132771,0.4068690972674341,0.0227736658472606,0.0117269663375897
US-ONA,0.0007591734546127,0.027553102449864,0.3683826241535535,0.0405091691049745,0.0219815709349808
US-OWC,0.0006713541527741,0.0259105027503157,0.5261301166618297,0.0338518206717465,0.0183558334202569
US-Oho,0.0009108910279682,0.0301809712893453,0.6013518083342007,0.0378218159586848,0.0209685496003408
US-Prr,0.0002306081216331,0.0151857868295708,-0.8472423472072157,0.025281001237306,0.0128651551347409
US-Ro1,0.0011053656456082,0.0332470396517985,0.3692643875834233,0.0361453750942339,0.0198615520130688
US-Ro4,0.0006626761105574,0.0257424961990369,0.5391014726413085,0.0327176173544702,0.0177268200759237
US-Ro5,0.0011272258442391,0.0335741841932028,0.4179061296164321,0.0364251179777553,0.0201676795531118
US-Ro6,0.0005639658638631,0.0237479654678694,0.4967786953507672,0.0317711101794558,0.0170104067456314
US-SRC,0.0005062256603408,0.0224994591121844,-18.842672816549577,0.0381762157075773,0.0192890836895939
US-SRG,0.0004811100763662,0.0219342215810429,-1.2191742600922169,0.035509481170262,0.0180915408585159
US-SRM,0.0005182384685028,0.0227648516029172,-4.146398826721372,0.0373823068394709,0.0189185426296215
US-Seg,0.0005270248030044,0.0229570207780645,-11.99057437441113,0.0387483158143204,0.0195791692609523
US-Ses,0.0005670887376133,0.0238136250414206,-33.97117065347611,0.0403259286304956,0.0203600070064558
US-Sne,0.0004381359856368,0.0209316981068637,-0.0641273708304408,0.0264742618298183,0.0137576931286527
US-Snf,0.00025837567756,0.0160740684818757,0.7452613487363394,0.0199610083283096,0.010889387384392
US-Syv,0.000486199401461,0.0220499297382344,0.5825245117845905,0.0311309939946953,0.0163576279363198
US-Ton,0.0003669156521501,0.0191550424732016,0.2613716869381766,0.0258819058026743,0.0133561771292746
US-Tw3,0.0011154022730895,0.0333976387352394,0.5102585624993767,0.0335340559561615,0.0197247053602168
US-Tw4,0.0003543152546717,0.0188232636562242,-0.1967855094058925,0.0247717176697756,0.0126828482592174
US-Twt,0.0010958593017339,0.0331037656730156,0.4385647093690603,0.0354415086706694,0.0198862035476728
US-Var,0.0006568326215014,0.0256287459993943,-0.0808264108753376,0.0339704566473932,0.0174204684887214
US-WCr,0.0005897107049409,0.0242839598282685,0.5669862685486745,0.0344562245210248,0.0181528225362941
US-WPT,0.0003606776156551,0.0189915143065293,0.2773771487537121,0.0297618684953522,0.0152496885494386
US-Whs,0.0005993446671081,0.0244815168465547,-22.06014352984045,0.0408389350086976,0.0205866883397588
US-Wi0,0.0006198866771576,0.0248975235145512,0.608200462226707,0.0334055607228169,0.0177838323260775
US-Wi1,0.0020920450950805,0.0457388794690088,0.5185884894090144,0.051415608455785,0.0299805352536765
US-Wi2,0.0004755377160932,0.0218068272816848,0.3539083696060493,0.0323757248919059,0.0168083992715493
US-Wi3,0.0006988651668977,0.0264360580816757,0.6393198481889442,0.0367579354738972,0.0198109327628667
US-Wi4,0.0007087565663401,0.0266224823474467,0.6195778029337314,0.0359720246600778,0.0194494946114278
US-Wi5,0.0004113483253754,0.0202817239251361,0.6169531066874001,0.0262935628545709,0.0137400183191862
US-Wi6,0.0004211573245687,0.0205221179357471,0.0926972823389433,0.0277923285062337,0.0141528022015603
US-Wi7,0.0005182791860188,0.0227657458919948,0.3414222128681583,0.0322037764472116,0.0165796115759573
US-Wi8,0.0005559704270353,0.0235790251502341,0.289391159317437,0.0360572680979977,0.018514448200724
US-Wi9,0.0006688529765259,0.0258621920286343,0.0988455863088999,0.0368239574033299,0.0189417540965901
US-Wjs,0.0003336978503966,0.0182673985667539,-1.5333631450182157,0.0306982563619044,0.0156745468913535
US-Wkg,0.0005626287202001,0.0237197959561244,-5.425026463692046,0.0390974197679448,0.0197593763429925
US-xAE,0.000299889709415,0.0173173239680691,-0.044914600047861,0.0269535395179171,0.0138258552699338
US-xBR,0.000504172808199,0.0224537927352821,0.6358960881520894,0.030962277663761,0.0164002031157715
US-xCL,0.0002875484073885,0.0169572523537438,0.6874959767535403,0.0217970924575937,0.0116362149566458
US-xCP,0.0003930659424013,0.0198258907089031,-3.1552770931586016,0.0327029904313782,0.0165451026578167
US-xDC,0.000215784572359,0.014689607631216,0.3975291061821427,0.0228103232886411,0.0116854245803339
US-xDL,0.0009362573856408,0.0305983232488451,0.577120305564264,0.0393580159265851,0.0214768313744743
US-xDS,0.0001501127736843,0.0122520518152802,0.7636139444409504,0.0155181372989303,0.0081838655861902
US-xGR,0.0010055700896343,0.0317107251515062,0.5978762082162234,0.041403234662606,0.0225965093038354
US-xHA,0.0007717048959708,0.0277795769580964,0.598236552405683,0.0374005253599376,0.0201231640597614
US-xHE,0.000259596020449,0.016111983752755,-0.8612409024367875,0.0250516153073076,0.012763085885327
US-xJE,0.0005367541115933,0.0231679544110691,0.6756802068339053,0.027029026499637,0.0148264843951165
US-xKA,0.0004699697804142,0.0216787864147004,0.3772804355000337,0.0282861753605112,0.0148828745857663
US-xKZ,0.0003722368658446,0.0192934410058097,0.6012670577522266,0.0264300341623176,0.0139389828056083
US-xMB,0.0005679055926942,0.0238307698720429,-63.92683158688244,0.0397429600875166,0.0200145394676961
US-xML,0.0004978811890991,0.0223132514237421,0.2302353984404324,0.0317545808017357,0.0162896921113868
US-xNG,0.0002355280375677,0.0153469227393549,0.109761600092896,0.0235348445329354,0.0120380936847526
US-xNQ,0.0004354287723469,0.0208669301131463,-18.07176557133026,0.0344965196730368,0.0174202344787351
US-xRM,0.0002640010958511,0.0162481105317243,-0.0932087759884703,0.0230354462429096,0.011793361247881
US-xSB,0.0001303497181112,0.0114170801044443,0.8082454212054142,0.0140310439458291,0.0074514747293276
US-xSE,0.0006599157045064,0.025688824506125,0.5899519758930326,0.0328375368505518,0.0176939423607889
US-xSR,0.0004864474874792,0.022055554572017,-12.481321924227132,0.0373340493461174,0.0188492151530169
US-xST,0.0004623816701858,0.0215030618793194,0.6557066425027904,0.0299195010301399,0.0159509724488997
US-xTA,0.0004198523002526,0.0204902977102009,0.7128321906937651,0.0276293794551433,0.0147414608544371
US-xTR,0.00047649943638,0.0218288670429779,0.6004937171535203,0.0306884947021943,0.0161460935495202
US-xUK,0.0005381132835579,0.0231972688814421,0.6409474775331225,0.0288875268148295,0.0155991333517552
US-xUN,0.0004138652502432,0.0203436783852698,0.6078631524436087,0.0295975783044334,0.0154971363181784
US-xYE,0.0002496731710877,0.0158010496830977,0.137301703088513,0.024719973208401,0.0126313008737719
ZM-Mon,0.0003751527140062,0.0193688593883638,0.6529021616340971,0.0252306040031886,0.0136648165015089
