site,ensemble_mse_scaled,full_mse_scaled,ensemble_rmse_scaled,full_rmse_scaled,ensemble_r2,full_r2,ensemble_relative_error,full_relative_error,ensemble_mae,full_mae,G_hat_count,O_hat_count,O_hat
AR-SLu,0.002834663927173,0.0028612853,0.0532415620279216,0.053490985,0.9419062874388412,0.9413607120513916,0.1254263207972841,0.12432211,0.0341444169021457,0.0340391,14,4,"[['SWdown', 'SWdown_clearsky', 'LST_TERRA_Day'], ['SWdown', 'LWdown', 'SWdown_clearsky', 'LST_TERRA_Day'], ['SWdown', 'SWdown_clearsky', 'IGBP_veg_short', 'LST_TERRA_Day'], ['SWdown', 'LWdown', 'SWdown_clearsky', 'IGBP_veg_short', 'LST_TERRA_Day']]"
AT-Neu,0.0022850526956208,0.0022925728,0.0478022247978152,0.047880817,0.8370511245939247,0.8365148305892944,0.0749309621189007,0.07463579,0.0293040980293305,0.029207906,13,1,"[['Tair', 'SWdown', 'LWdown', 'SWdown_clearsky', 'LST_TERRA_Day']]"
AU-ASM,0.0021304007020237,0.0023851849,0.0461562639521848,0.048838355,0.4040027223802305,0.3327248096466064,0.1003876256407024,0.10220969,0.0252329263995915,0.026110617,13,1,"[['Tair', 'vpd', 'LWdown', 'SWdown_clearsky', 'IGBP_veg_short']]"
AU-Cpr,0.0021251421264655,0.0035941438,0.046099263838651,0.05995118,-0.8908033633167605,-2.1978189945220947,0.087770696353084,0.08727779,0.0379308859570655,0.03820384,13,1,"[['LWdown', 'IGBP_veg_short', 'LST_TERRA_Day']]"
AU-Cum,0.0004444015942488,0.0004717863,0.0210808347616712,0.021720642,0.7568345477630071,0.7418503165245056,0.0408084343305445,0.042054527,0.0139216799500098,0.014464148,13,1,"[['Tair', 'vpd', 'SWdown', 'SWdown_clearsky', 'IGBP_veg_short']]"
AU-DaP,0.0013276614443065,0.0013567894,0.0364370888560899,0.036834624,0.8683652391781286,0.8654772639274597,0.0710923439682296,0.07093484,0.0218895425605674,0.022040408,13,1,"[['Tair', 'vpd', 'SWdown', 'SWdown_clearsky', 'IGBP_veg_short', 'LST_TERRA_Day']]"
AU-DaS,0.0007483096054193,0.00074542046,0.0273552482244147,0.02730239,0.7532948173952287,0.7542473673820496,0.0296520307689224,0.02947665,0.0155918274689783,0.015492612,13,1,"[['vpd', 'SWdown', 'LWdown', 'SWdown_clearsky', 'LST_TERRA_Day']]"
AU-Dry,0.0015982550708731,0.0016452319,0.0399781824358383,0.040561456,0.7881046178104989,0.7818764448165894,0.055900528328645,0.056729272,0.025626553868692,0.026002508,13,1,"[['Tair', 'vpd', 'SWdown', 'SWdown_clearsky', 'IGBP_veg_short', 'LST_TERRA_Day']]"
AU-Emr,0.0034295583710309,0.003590525,0.0585624313961684,0.05992099,0.3115686163783331,0.27925705909729,0.0777177154178078,0.08002456,0.0326079092296426,0.033408225,13,1,"[['Tair', 'vpd', 'SWdown_clearsky', 'IGBP_veg_short', 'LST_TERRA_Day']]"
AU-GWW,0.0028384592351495,0.002887847,0.0532771924480776,0.05373869,0.7210271491758525,0.7161731719970703,0.0723319030459891,0.07287779,0.0336620868098059,0.033896975,13,1,"[['vpd', 'SWdown', 'LWdown', 'IGBP_veg_short']]"
AU-Gin,0.0041968488064932,0.0041968483,0.0647830904364189,0.06478309,0.9008788383428604,0.9008788466453552,0.0888903513089321,0.08889035,0.0400059401133063,0.040005937,13,1,"[['Tair', 'vpd', 'SWdown', 'LWdown', 'SWdown_clearsky', 'IGBP_veg_short', 'LST_TERRA_Day']]"
AU-How,0.0008700323354585,0.00087008934,0.0294963105397708,0.029497277,0.8166353372762043,0.816623330116272,0.0367600490171285,0.036760993,0.0174455649254569,0.017446022,13,1,"[['Tair', 'vpd', 'SWdown', 'LWdown', 'SWdown_clearsky', 'LST_TERRA_Day']]"
AU-Lox,0.0059927384703092,0.004144529,0.0774127797608975,0.064378016,-0.9304716995471982,-0.3350985050201416,0.3497648263674249,0.17125602,0.0596008281001457,0.036704097,13,1,"[['Tair', 'LWdown', 'IGBP_veg_short']]"
AU-RDF,0.0021309685314831,0.004608387,0.0461624147059399,0.0678851,-2.7794882791162823,-7.173440933227539,0.0885679826484282,0.11706393,0.0295232187926048,0.039112,13,1,"[['Tair', 'vpd', 'IGBP_veg_short']]"
AU-Rig,0.0086957811367442,0.013173148,0.0932511723076138,0.11477434,0.6453640835951628,0.4627657532691955,0.1759200188346603,0.1883125,0.0543436202223628,0.063536905,13,1,"[['Tair', 'vpd', 'LWdown', 'SWdown_clearsky', 'LST_TERRA_Day']]"
AU-Rob,0.0035428638185029,0.004103333,0.0595219608086208,0.06405727,0.7631399143928175,0.7256694436073303,0.1051292673637309,0.11670964,0.0405879663645291,0.045302644,13,1,"[['vpd', 'SWdown']]"
AU-Stp,0.0022293213879829,0.002352925,0.0472156900614932,0.04850696,0.6325945018733636,0.6122238636016846,0.0783924995139072,0.07986787,0.0273333090299669,0.027978314,13,1,"[['Tair', 'vpd', 'SWdown', 'LST_TERRA_Day']]"
AU-TTE,0.0014903311698745,0.0016110345,0.0386048076005374,0.040137693,0.200031921867447,0.1352417469024658,0.0903374588205138,0.09027126,0.0202663777154329,0.020627962,13,1,"[['vpd', 'SWdown', 'LWdown', 'IGBP_veg_short']]"
AU-Wac,0.0035761347116643,0.0036065266,0.0598007918983046,0.060054366,0.3313410020623958,0.32565838098526,0.0928658273030854,0.0940527,0.0345516902092805,0.034943677,13,1,"[['Tair', 'vpd', 'SWdown', 'LWdown', 'SWdown_clearsky']]"
AU-Whr,0.0009515302976876,0.00096331345,0.0308468847322974,0.031037292,0.8790150382055238,0.8775168657302856,0.0485169573139122,0.048777122,0.0187997931547868,0.018925615,13,1,"[['Tair', 'SWdown', 'LWdown', 'SWdown_clearsky', 'LST_TERRA_Day']]"
AU-Wom,0.0021684187345866,0.0021794199,0.0465662832378393,0.046684258,0.9181501751656432,0.917734920978546,0.0847961038292942,0.084461026,0.031006420069926,0.03096163,13,1,"[['vpd', 'SWdown', 'LWdown', 'SWdown_clearsky', 'IGBP_veg_short']]"
AU-Ync,0.0014252697372347,0.001522908,0.0377527447642512,0.039024454,-0.1002910718728027,-0.1756666898727417,0.0798475852347328,0.07943528,0.0246668558514893,0.024574323,13,1,[['LST_TERRA_Day']]
BE-Bra,0.0011378178503366,0.0011055836,0.0337315557058471,0.033250317,0.6736382925225324,0.6828840970993042,0.0865320791549386,0.087235205,0.0169643995701099,0.016629688,13,1,"[['Tair', 'vpd', 'SWdown', 'SWdown_clearsky']]"
BE-Dor,0.0018077759958467,0.0018177303,0.0425179491020763,0.04263485,0.8662605506765744,0.8655241131782532,0.0608863621954617,0.060937036,0.0246863695389475,0.024716878,13,1,"[['Tair', 'vpd', 'SWdown', 'SWdown_clearsky', 'IGBP_veg_short', 'LST_TERRA_Day']]"
BE-Lcr,0.0024883440944835,0.0030620738,0.0498833047670614,0.05533601,0.7678658515440939,0.7143434286117554,0.0593502490065599,0.06567109,0.0280978361618295,0.03126965,13,2,"[['Tair', 'vpd', 'SWdown', 'LWdown'], ['Tair', 'vpd', 'SWdown', 'LWdown', 'IGBP_veg_short']]"
BE-Lon,0.0057994212752082,0.00650812,0.0761539314494548,0.08067292,0.5253459344033368,0.4673424959182739,0.2272652010022059,0.24713649,0.038234250607766,0.03966277,13,1,"[['Tair', 'vpd', 'SWdown', 'LWdown', 'SWdown_clearsky']]"
BE-Maa,0.003314171454357,0.0035314818,0.0575688410023773,0.05942627,0.7029244996721071,0.6834452152252197,0.0541233879935848,0.055623345,0.0324180096469019,0.0332505,13,1,"[['Tair', 'vpd', 'SWdown', 'LWdown', 'SWdown_clearsky']]"
BE-Vie,0.0013385370308847,0.001338537,0.0365860223430302,0.03658602,0.8840790405081367,0.8840790390968323,0.0540127585226338,0.05401276,0.0219255828667497,0.021925583,13,1,"[['Tair', 'vpd', 'SWdown', 'LWdown', 'SWdown_clearsky', 'IGBP_veg_short', 'LST_TERRA_Day']]"
BR-Npw,0.003579902953548,0.0036023657,0.0598322902248283,0.060019713,0.5519696480892842,0.5491583943367004,0.1212112680485807,0.122267544,0.0324106632125983,0.032564543,14,2,"[['vpd', 'SWdown', 'LWdown', 'SWdown_clearsky', 'LST_TERRA_Day'], ['vpd', 'SWdown', 'LWdown', 'SWdown_clearsky', 'IGBP_veg_short', 'LST_TERRA_Day']]"
BR-Sa3,0.0060480202812969,0.006127597,0.0777690187754542,0.078278966,0.7652040391402919,0.7621147036552429,0.1321703957113172,0.13264212,0.0488770931826894,0.049142126,13,1,"[['Tair', 'SWdown', 'SWdown_clearsky', 'IGBP_veg_short']]"
CA-ARB,0.0038564490033129,0.003891028,0.0621003140355419,0.062378105,0.7651398248523901,0.763033926486969,0.1721656759080614,0.17105134,0.0338764761258563,0.0339808,13,1,"[['Tair', 'vpd', 'SWdown', 'SWdown_clearsky', 'LST_TERRA_Day']]"
CA-ARF,0.0032225906712171,0.0032738096,0.0567678665374801,0.057217214,0.815197671809176,0.8122604489326477,0.0968034581550649,0.09581375,0.0296779451311882,0.029704995,13,1,"[['Tair', 'vpd', 'SWdown', 'SWdown_clearsky', 'IGBP_veg_short', 'LST_TERRA_Day']]"
CA-DB2,0.0001017814827893,0.000106593405,0.0100886809241502,0.010324408,0.2469766948213041,0.2113759517669677,0.0128203577399196,0.013137981,0.0052737729999915,0.00541145,13,1,"[['Tair', 'SWdown', 'LST_TERRA_Day']]"
CA-DBB,5.532913907075764e-05,5.5444027e-05,0.0074383559386975,0.0074460744,0.5416476876221765,0.5406959056854248,0.0100081292367706,0.0099896435,0.0040624768422053,0.0040535578,13,1,"[['Tair', 'vpd', 'SWdown', 'LWdown', 'IGBP_veg_short', 'LST_TERRA_Day']]"
CA-Gro,0.0010178356853956,0.001025165,0.0319035371925383,0.032018196,0.805748355624916,0.8043495416641235,0.0439917476352968,0.044140253,0.0168176682830945,0.01687463,13,1,"[['Tair', 'vpd', 'SWdown', 'SWdown_clearsky', 'LST_TERRA_Day']]"
CA-LP1,0.0035623971149209,0.0035623973,0.0596858200489943,0.059685823,0.6392365787959318,0.639236569404602,0.0767195407403785,0.076719545,0.0312034656533379,0.031203467,13,1,"[['Tair', 'vpd', 'SWdown', 'LWdown', 'SWdown_clearsky', 'IGBP_veg_short', 'LST_TERRA_Day']]"
CA-NS1,0.0015837149053347,0.00181337,0.0397959156865967,0.04258368,0.8912518033902787,0.8754822015762329,0.0536605614071053,0.05736984,0.0262552871594517,0.027889788,14,2,"[['Tair', 'vpd', 'SWdown', 'SWdown_clearsky', 'IGBP_veg_short'], ['Tair', 'vpd', 'SWdown', 'LWdown', 'SWdown_clearsky', 'IGBP_veg_short']]"
CA-NS2,0.0016712538131507,0.0016712537,0.040880971284337,0.04088097,0.8545019443101107,0.8545019626617432,0.0646120974088987,0.0646121,0.0264216241451185,0.026421625,14,2,"[['Tair', 'vpd', 'SWdown', 'SWdown_clearsky', 'IGBP_veg_short', 'LST_TERRA_Day'], ['Tair', 'vpd', 'SWdown', 'LWdown', 'SWdown_clearsky', 'IGBP_veg_short', 'LST_TERRA_Day']]"
CA-NS3,0.0011905153275478,0.0012864287,0.0345038451125059,0.03586682,0.8571503024572048,0.8456416726112366,0.0502152467362841,0.050121337,0.0183567711850104,0.018501166,14,2,"[['Tair', 'vpd', 'SWdown'], ['Tair', 'vpd', 'SWdown', 'LWdown']]"
CA-NS4,0.0015135365376285,0.0015263839,0.0389041969153522,0.039068963,0.8061353366166311,0.8044897317886353,0.044091894328927,0.045048933,0.0250392801621381,0.025652466,14,2,"[['Tair', 'vpd', 'SWdown', 'SWdown_clearsky', 'IGBP_veg_short'], ['Tair', 'vpd', 'SWdown', 'LWdown', 'SWdown_clearsky', 'IGBP_veg_short']]"
CA-NS5,0.0019284884192111,0.0019284883,0.0439145581693717,0.043914557,0.8985658779810033,0.8985658884048462,0.0646940660962985,0.06469406,0.0247038824513774,0.024703883,14,2,"[['Tair', 'vpd', 'SWdown', 'SWdown_clearsky', 'IGBP_veg_short', 'LST_TERRA_Day'], ['Tair', 'vpd', 'SWdown', 'LWdown', 'SWdown_clearsky', 'IGBP_veg_short', 'LST_TERRA_Day']]"
CA-NS6,0.0040585819232376,0.004548612,0.0637070005826493,0.0674434,0.8024283151148874,0.7785736918449402,0.0975133316130862,0.10052523,0.0303208886556409,0.031596616,14,2,"[['Tair', 'vpd', 'SWdown', 'SWdown_clearsky', 'IGBP_veg_short'], ['Tair', 'vpd', 'SWdown', 'LWdown', 'SWdown_clearsky', 'IGBP_veg_short']]"
CA-NS7,0.0022884146649138,0.0027051824,0.0478373772787953,0.052011367,0.7310934947561285,0.6821200251579285,0.0724650587877822,0.078188576,0.0263209010532169,0.028540742,14,2,"[['Tair', 'vpd', 'SWdown', 'SWdown_clearsky', 'IGBP_veg_short'], ['Tair', 'vpd', 'SWdown', 'LWdown', 'SWdown_clearsky', 'IGBP_veg_short']]"
CA-Oas,0.0020621111405867,0.0021671334,0.0454104739084135,0.04655248,0.8631726687112588,0.856204092502594,0.0763342541273018,0.07835811,0.0214190965658239,0.02187938,13,1,"[['Tair', 'vpd', 'SWdown', 'LWdown', 'SWdown_clearsky', 'IGBP_veg_short']]"
CA-Obs,0.0017296972926749,0.00176198,0.041589629628971,0.041975945,0.9172944628056656,0.9157508611679076,0.0603364670898432,0.060692005,0.0225852168908917,0.022802074,13,1,"[['Tair', 'vpd', 'SWdown', 'LWdown', 'LST_TERRA_Day']]"
CA-Qfo,0.0007247104896243,0.0007247105,0.0269204474261553,0.026920449,0.8863410129520551,0.8863409757614136,0.0272485968929721,0.027248599,0.0155701457380288,0.015570145,13,1,"[['Tair', 'vpd', 'SWdown', 'LWdown', 'SWdown_clearsky', 'IGBP_veg_short', 'LST_TERRA_Day']]"
CA-SF1,0.0027958456758599,0.0027958457,0.0528757569767082,0.052875757,0.8398551430009366,0.8398551344871521,0.0853688756949871,0.08536888,0.0372484459278004,0.037248448,14,1,"[['Tair', 'vpd', 'SWdown', 'LWdown', 'SWdown_clearsky', 'IGBP_veg_short', 'LST_TERRA_Day']]"
CA-SF2,0.0041201077149364,0.0065811262,0.0641880652063639,0.08112414,0.7431049234902639,0.5896565914154053,0.0964507746586153,0.109689444,0.0453781230317237,0.05429944,13,1,"[['vpd', 'SWdown', 'LWdown', 'IGBP_veg_short', 'LST_TERRA_Day']]"
CA-SF3,0.001078094406779,0.0011149767,0.0328343479724973,0.033391267,0.7278296684379748,0.7185185551643372,0.0410130089865749,0.042109758,0.0206618757983225,0.021219907,13,1,"[['Tair', 'vpd', 'SWdown', 'SWdown_clearsky', 'IGBP_veg_short']]"
CA-TP1,0.0034154887616873,0.0034154884,0.0584421830674327,0.05844218,0.7443857769425493,0.744385838508606,0.0487797359013704,0.048779737,0.0297955614303066,0.029795561,14,2,"[['Tair', 'vpd', 'SWdown', 'SWdown_clearsky', 'IGBP_veg_short', 'LST_TERRA_Day'], ['Tair', 'vpd', 'SWdown', 'LWdown', 'SWdown_clearsky', 'IGBP_veg_short', 'LST_TERRA_Day']]"
CA-TP4,0.0018262721154707,0.0018915954,0.042734905118308,0.043492477,0.8487870202033112,0.8433783650398254,0.0495935947242972,0.049877465,0.0255530268528961,0.025888368,13,1,"[['Tair', 'SWdown', 'LWdown', 'SWdown_clearsky', 'LST_TERRA_Day']]"
CA-TPD,0.0015829791536728,0.0015831168,0.0397866705527469,0.0397884,0.859697884351535,0.8596856594085693,0.0550657682394671,0.055066258,0.0225277489372327,0.022528218,13,1,"[['Tair', 'vpd', 'SWdown', 'LWdown', 'SWdown_clearsky', 'LST_TERRA_Day']]"
CH-Aws,0.0014611612022692,0.0015026829,0.0382251383551354,0.038764454,0.8218661485490556,0.8168041110038757,0.037915457771425,0.03798343,0.0208471221648207,0.020984212,14,1,"[['Tair', 'SWdown', 'LWdown', 'SWdown_clearsky', 'IGBP_veg_short', 'LST_TERRA_Day']]"
CH-Cha,0.0029909541880857,0.0030312077,0.0546896168215296,0.055056404,0.7471864855760801,0.7437840104103088,0.1000930950882895,0.10200687,0.0335020569418574,0.03390589,14,2,"[['Tair', 'vpd', 'SWdown', 'SWdown_clearsky'], ['Tair', 'vpd', 'SWdown', 'SWdown_clearsky', 'IGBP_veg_short']]"
CH-Dav,0.0003381828949769,0.00033867345,0.0183897497257846,0.018403083,0.7726527534893703,0.7723230123519897,0.0243282807351291,0.024337204,0.0117472286956799,0.011747064,13,1,"[['Tair', 'vpd', 'SWdown', 'SWdown_clearsky', 'LST_TERRA_Day']]"
CH-Fru,0.0024149309487674,0.0024149735,0.049141946937087,0.04914238,0.7456956116631319,0.745691180229187,0.0745912422284979,0.074592896,0.0283606876449773,0.02836134,14,1,"[['Tair', 'vpd', 'SWdown', 'LWdown', 'SWdown_clearsky', 'LST_TERRA_Day']]"
CH-Lae,0.0013214334808539,0.0013707627,0.0363515265271478,0.037023813,0.7235360604751873,0.7132156491279602,0.0564431353901549,0.057293404,0.0230542744717926,0.023499101,13,1,"[['Tair', 'vpd', 'SWdown', 'LWdown', 'SWdown_clearsky', 'IGBP_veg_short']]"
CH-Oe1,0.007515021423993,0.00704325,0.0866892232286866,0.08392407,0.4379798533794118,0.4732618927955627,0.1642314736659588,0.14825033,0.0479374165128266,0.043020044,13,1,"[['Tair', 'SWdown_clearsky']]"
CH-Oe2,0.0019474368449613,0.0019475468,0.0441297727726001,0.04413102,0.570157210888897,0.5701329708099365,0.0519640006357739,0.051966038,0.0242234920062736,0.024224667,13,1,"[['Tair', 'vpd', 'SWdown', 'LWdown', 'SWdown_clearsky', 'LST_TERRA_Day']]"
CN-Cha,0.0022167117374624,0.0023701978,0.0470819682836482,0.04868468,0.896455149556839,0.889285683631897,0.0798992662802063,0.0802283,0.0283559921712469,0.02894172,13,1,"[['Tair', 'vpd', 'SWdown', 'LWdown', 'SWdown_clearsky', 'IGBP_veg_short']]"
CN-Cng,0.0021158259593212,0.0022702476,0.0459981082145911,0.047647115,0.7553171577501856,0.7374592423439026,0.1223903720549208,0.12183589,0.0241474175524618,0.024980154,13,1,"[['Tair', 'vpd', 'SWdown', 'SWdown_clearsky']]"
CN-Dan,0.0019453547952184,0.0020170386,0.0441061763840222,0.04491145,0.8367484703590212,0.8307328820228577,0.0673216426374435,0.06841312,0.022515035241578,0.022999374,13,1,"[['Tair', 'vpd', 'SWdown', 'SWdown_clearsky', 'LST_TERRA_Day']]"
CN-Din,0.0032978822485861,0.0033441812,0.057427190847073,0.057828896,0.8873964861425944,0.8858156204223633,0.0926150554122232,0.09290784,0.0349917774003041,0.035154954,13,1,"[['SWdown', 'LWdown', 'SWdown_clearsky', 'LST_TERRA_Day']]"
CN-Du2,0.002096643134246,0.002096643,0.0457891158928191,0.045789115,0.6182581825577809,0.6182581782341003,0.0673731544746669,0.06737316,0.0243123788050757,0.024312379,16,4,"[['Tair', 'vpd', 'SWdown', 'SWdown_clearsky', 'LST_TERRA_Day'], ['Tair', 'vpd', 'SWdown', 'LWdown', 'SWdown_clearsky', 'LST_TERRA_Day'], ['Tair', 'vpd', 'SWdown', 'SWdown_clearsky', 'IGBP_veg_short', 'LST_TERRA_Day'], ['Tair', 'vpd', 'SWdown', 'LWdown', 'SWdown_clearsky', 'IGBP_veg_short', 'LST_TERRA_Day']]"
CN-Du3,0.0004116764592629,0.0004075605,0.0202898117108796,0.020188127,0.8870836809535334,0.8882126212120056,0.0533185180511951,0.049096,0.0163900381253089,0.015590184,14,4,"[['SWdown', 'SWdown_clearsky', 'LST_TERRA_Day'], ['SWdown', 'LWdown', 'SWdown_clearsky', 'LST_TERRA_Day'], ['SWdown', 'SWdown_clearsky', 'IGBP_veg_short', 'LST_TERRA_Day'], ['SWdown', 'LWdown', 'SWdown_clearsky', 'IGBP_veg_short', 'LST_TERRA_Day']]"
CN-Ha2,0.003757571119556,0.0038111655,0.061299030331287,0.06173464,0.8861681471257569,0.8845445513725281,0.0865929590505607,0.086771436,0.0329233211261364,0.033300113,13,1,"[['Tair', 'vpd', 'SWdown', 'LWdown', 'SWdown_clearsky', 'IGBP_veg_short']]"
CN-HaM,0.0091639308840115,0.023299688,0.0957284225505232,0.15264235,0.56869647314999,-0.0966078042984008,0.345111660656784,0.37039685,0.0596910905064873,0.088958934,16,4,"[['SWdown_clearsky', 'LST_TERRA_Day'], ['LWdown', 'SWdown_clearsky', 'LST_TERRA_Day'], ['SWdown_clearsky', 'IGBP_veg_short', 'LST_TERRA_Day'], ['LWdown', 'SWdown_clearsky', 'IGBP_veg_short', 'LST_TERRA_Day']]"
CN-Qia,0.001789396159626,0.0017893962,0.0423012548233029,0.042301256,0.8930752364745604,0.8930752277374268,0.0649794207031855,0.06497943,0.0252802651970823,0.025280267,13,1,"[['Tair', 'vpd', 'SWdown', 'LWdown', 'SWdown_clearsky', 'IGBP_veg_short', 'LST_TERRA_Day']]"
CN-Sw2,0.0016395049928642,0.001810858,0.0404908013364049,0.042554177,0.081669600244204,-0.0143097639083862,0.0599977338030904,0.06243792,0.0267740995071765,0.02815248,13,2,"[['Tair', 'SWdown_clearsky'], ['Tair', 'SWdown_clearsky', 'IGBP_veg_short']]"
CZ-BK1,0.0011571192792217,0.0011571193,0.0340164560062003,0.034016456,0.8713655884643645,0.8713656067848206,0.0365445215217104,0.03654452,0.0188799466319943,0.018879946,13,1,"[['Tair', 'vpd', 'SWdown', 'LWdown', 'SWdown_clearsky', 'IGBP_veg_short', 'LST_TERRA_Day']]"
CZ-BK2,0.0034055867088134,0.003692667,0.0583574049184283,0.06076732,0.7100038937322942,0.6855580806732178,0.123514458215344,0.12597898,0.0283884537106113,0.02931173,13,1,"[['Tair', 'vpd', 'SWdown', 'SWdown_clearsky', 'IGBP_veg_short']]"
CZ-KrP,0.0036002404776498,0.00374673,0.0600020039469503,0.06121054,0.5852763951237534,0.5684017539024353,0.0549798664544323,0.05574008,0.0318521036030181,0.03232131,13,1,"[['Tair', 'vpd', 'SWdown', 'LWdown', 'SWdown_clearsky', 'IGBP_veg_short']]"
CZ-Lnz,0.0015064737460714,0.0015309699,0.0388133191839024,0.03912761,0.8796908299605459,0.8777345418930054,0.0480338191754055,0.047981273,0.0204532748097829,0.020526305,13,2,"[['vpd', 'SWdown', 'LWdown', 'SWdown_clearsky', 'LST_TERRA_Day'], ['vpd', 'SWdown', 'LWdown', 'SWdown_clearsky', 'IGBP_veg_short', 'LST_TERRA_Day']]"
CZ-RAJ,0.0016112591395087,0.0016199722,0.0401404925170181,0.04024888,0.9159087657308224,0.9154540300369264,0.071854552063186,0.07238009,0.0252043836797186,0.025322199,13,1,"[['Tair', 'vpd', 'SWdown', 'LWdown', 'SWdown_clearsky', 'IGBP_veg_short']]"
CZ-Stn,0.0014802783170777,0.0014804188,0.0384743852072745,0.03847621,0.8259017655819717,0.8258852362632751,0.0587401089834039,0.05874017,0.0216800314003209,0.021679971,13,1,"[['Tair', 'vpd', 'SWdown', 'LWdown', 'SWdown_clearsky', 'LST_TERRA_Day']]"
CZ-wet,0.0026760902812083,0.0026761696,0.0517309412364436,0.05173171,0.8441619157938541,0.8441572785377502,0.0788465515062534,0.07884764,0.0288842563864916,0.02888466,13,1,"[['Tair', 'vpd', 'SWdown', 'LWdown', 'SWdown_clearsky', 'LST_TERRA_Day']]"
DE-Geb,0.0025222008566194,0.0025225778,0.0502215178645515,0.05022527,0.5299261412382779,0.5298559665679932,0.0538258001090198,0.053829357,0.0249029867938184,0.024904408,13,1,"[['Tair', 'vpd', 'SWdown', 'LWdown', 'SWdown_clearsky', 'LST_TERRA_Day']]"
DE-Gri,0.0020846517968702,0.0021200564,0.0456579872187795,0.04604407,0.7237815742172397,0.7190904021263123,0.0489715424975855,0.049549013,0.025220691603278,0.025310831,13,1,"[['Tair', 'vpd', 'SWdown', 'SWdown_clearsky', 'LST_TERRA_Day']]"
DE-Hai,0.0032239527390508,0.0032239524,0.0567798620908053,0.056779858,0.7454877209210836,0.7454877495765686,0.0931786811449117,0.09317868,0.030699190557904,0.030699192,13,1,"[['Tair', 'vpd', 'SWdown', 'LWdown', 'SWdown_clearsky', 'IGBP_veg_short', 'LST_TERRA_Day']]"
DE-HoH,0.0015994968657538,0.0016406213,0.0399937103274238,0.040504586,0.8699769886376936,0.8666340112686157,0.0566813060279666,0.056722973,0.0224765037731967,0.022650823,13,1,"[['Tair', 'vpd', 'SWdown', 'SWdown_clearsky', 'IGBP_veg_short', 'LST_TERRA_Day']]"
DE-Hte,0.0007912062337357,0.0007912338,0.0281283883956353,0.02812888,0.7782497952077254,0.7782420516014099,0.0376858564893642,0.03768634,0.015487400134505,0.015487636,14,2,"[['Tair', 'vpd', 'SWdown', 'SWdown_clearsky', 'LST_TERRA_Day'], ['Tair', 'vpd', 'SWdown', 'LWdown', 'SWdown_clearsky', 'LST_TERRA_Day']]"
DE-Hzd,0.0015958372662822,0.0015958374,0.0399479319399928,0.039947934,0.7436006580861195,0.743600606918335,0.0440790188195873,0.04407902,0.0236606872862293,0.023660686,13,1,"[['Tair', 'vpd', 'SWdown', 'LWdown', 'SWdown_clearsky', 'IGBP_veg_short', 'LST_TERRA_Day']]"
DE-Kli,0.0030668777246532,0.003218434,0.0553793980163495,0.056731243,0.5611671996113947,0.5394814014434814,0.0740676189254902,0.0764322,0.0285279226016213,0.029301494,13,2,"[['Tair', 'vpd', 'SWdown', 'SWdown_clearsky'], ['Tair', 'vpd', 'SWdown', 'SWdown_clearsky', 'IGBP_veg_short']]"
DE-Lkb,0.0039888146818188,0.003990303,0.0631570635940177,0.063168846,0.8031975218886247,0.8031241297721863,0.1083403439373436,0.10835668,0.0355758663086529,0.03559168,13,1,"[['Tair', 'vpd', 'SWdown', 'LWdown', 'SWdown_clearsky', 'LST_TERRA_Day']]"
DE-Lnf,0.0026731075966929,0.0026731077,0.0517021043739317,0.051702105,0.8724272448945072,0.872427225112915,0.0943674887496204,0.09436748,0.0276581547115725,0.027658155,14,1,"[['Tair', 'vpd', 'SWdown', 'LWdown', 'SWdown_clearsky', 'IGBP_veg_short', 'LST_TERRA_Day']]"
DE-Obe,0.0022590888954985,0.002332453,0.0475298737164166,0.048295476,0.7987328558469688,0.7921966910362244,0.075937358682012,0.07687879,0.0291497152309186,0.029653706,13,1,"[['Tair', 'vpd', 'SWdown', 'SWdown_clearsky', 'IGBP_veg_short']]"
DE-RuR,0.0013058250412691,0.0013212574,0.0361362012567608,0.036349107,0.8525039232799589,0.850760817527771,0.0345185671007209,0.034715544,0.0190947476063402,0.019224932,13,1,"[['Tair', 'SWdown', 'LWdown', 'SWdown_clearsky', 'LST_TERRA_Day']]"
DE-RuS,0.0059262115300715,0.006270355,0.0769818909229407,0.079185575,0.3855955391219642,0.3499162793159485,0.158370272137967,0.15472412,0.0405945374099978,0.04110587,13,1,"[['SWdown', 'SWdown_clearsky']]"
DE-RuW,0.0006276593822963,0.00065028266,0.0250531311874663,0.02550064,0.8485231625859032,0.8430633544921875,0.0411167696933521,0.04174945,0.0174736746666474,0.017777227,14,1,"[['Tair', 'vpd', 'SWdown', 'LWdown', 'SWdown_clearsky']]"
DE-Seh,0.0109373626906622,0.01584746,0.104581846850504,0.1258867,0.3085549238004268,-0.001854658126831,0.3042298951854812,0.33859962,0.0608352311738206,0.06784749,14,2,"[['Tair', 'SWdown_clearsky', 'IGBP_veg_short'], ['Tair', 'LWdown', 'SWdown_clearsky', 'IGBP_veg_short']]"
DE-SfN,0.0024272739240823,0.0026144118,0.0492673718000296,0.05113132,0.7229071959771913,0.701543927192688,0.0657815242553147,0.07114062,0.0312053603082192,0.03352371,13,1,"[['Tair', 'SWdown', 'LWdown', 'SWdown_clearsky', 'IGBP_veg_short']]"
DE-Tha,0.0015100467092258,0.0015371867,0.0388593194642654,0.03920697,0.888994236054576,0.8869991302490234,0.0553596246423812,0.05528954,0.0231142928854247,0.023140853,13,1,"[['Tair', 'vpd', 'SWdown', 'SWdown_clearsky', 'IGBP_veg_short']]"
DK-Fou,0.0243113893536715,0.03017624,0.155921099770594,0.17371309,0.5732440901535769,0.4702939987182617,0.2952463498156828,0.31281355,0.0859569512256947,0.096295804,14,2,"[['Tair', 'vpd', 'SWdown', 'IGBP_veg_short'], ['Tair', 'vpd', 'SWdown', 'LWdown', 'IGBP_veg_short']]"
DK-Gds,0.0008060192563386,0.000820834,0.0283904782689319,0.028650202,0.4767549414901213,0.4671375751495361,0.0856029683912828,0.08640827,0.0139118141926136,0.014101166,15,4,"[['Tair', 'vpd', 'SWdown', 'LST_TERRA_Day'], ['Tair', 'vpd', 'SWdown', 'LWdown', 'LST_TERRA_Day'], ['Tair', 'vpd', 'SWdown', 'IGBP_veg_short', 'LST_TERRA_Day'], ['Tair', 'vpd', 'SWdown', 'LWdown', 'IGBP_veg_short', 'LST_TERRA_Day']]"
DK-Skj,0.0007195299788936,0.0007218034,0.0268240559739517,0.026866399,0.6909024564774773,0.6899257898330688,0.0400569358264973,0.042466532,0.0127611445395189,0.013356039,14,4,"[['vpd', 'SWdown', 'SWdown_clearsky'], ['vpd', 'SWdown', 'LWdown', 'SWdown_clearsky'], ['vpd', 'SWdown', 'SWdown_clearsky', 'IGBP_veg_short'], ['vpd', 'SWdown', 'LWdown', 'SWdown_clearsky', 'IGBP_veg_short']]"
DK-Sor,0.0026850786125365,0.0034715245,0.0518177441861039,0.058919646,0.8532421866867301,0.8102575540542603,0.0910085585409519,0.090693854,0.0299000020082528,0.030901518,13,1,"[['SWdown', 'LWdown', 'SWdown_clearsky', 'LST_TERRA_Day']]"
DK-Vng,0.0003871836414975,0.00070669927,0.0196769825302959,0.026583817,0.7837073437043902,0.6052161455154419,0.035361072093096,0.042162824,0.0097278320442817,0.011941567,13,2,"[['SWdown', 'SWdown_clearsky'], ['SWdown', 'SWdown_clearsky', 'IGBP_veg_short']]"
ES-Abr,0.0028324730068788,0.0028662912,0.0532209827688183,0.053537756,0.8017584179481675,0.799391508102417,0.068641383250235,0.0689634,0.0293397892377304,0.029508118,13,1,"[['Tair', 'vpd', 'SWdown', 'SWdown_clearsky', 'LST_TERRA_Day']]"
ES-Agu,0.0056466404793016,0.0057127457,0.0751441313696662,0.075582705,0.3260023165766973,0.3181118369102478,0.1402530018174459,0.14030442,0.0488305423860815,0.04898681,14,2,"[['Tair', 'SWdown_clearsky', 'LST_TERRA_Day'], ['Tair', 'LWdown', 'SWdown_clearsky', 'LST_TERRA_Day']]"
ES-Amo,0.0040514673070693,0.004273309,0.0636511375159106,0.06537055,0.5313534509482033,0.5056922435760498,0.1333779064078243,0.13991803,0.0378223897229859,0.03860194,14,2,"[['vpd', 'SWdown_clearsky', 'LST_TERRA_Day'], ['vpd', 'LWdown', 'SWdown_clearsky', 'LST_TERRA_Day']]"
ES-LJu,0.0038245163379723,0.0038245164,0.0618426740849098,0.061842676,0.4989082476444016,0.4989082217216491,0.0809629212158589,0.08096292,0.0362425387476827,0.036242537,14,2,"[['Tair', 'vpd', 'SWdown', 'SWdown_clearsky', 'IGBP_veg_short', 'LST_TERRA_Day'], ['Tair', 'vpd', 'SWdown', 'LWdown', 'SWdown_clearsky', 'IGBP_veg_short', 'LST_TERRA_Day']]"
ES-LM1,0.0020815980082962,0.0020983482,0.0456245329652397,0.04580773,0.8188264197699128,0.8173685669898987,0.0586180326149395,0.058633782,0.0264812807741392,0.026529869,13,1,"[['Tair', 'vpd', 'SWdown', 'SWdown_clearsky', 'LST_TERRA_Day']]"
ES-LM2,0.0023636975492882,0.0023754067,0.0486178727351189,0.048738144,0.8200494283277372,0.8191580176353455,0.0682773301000635,0.068361714,0.0285154761585694,0.028550748,13,1,"[['Tair', 'vpd', 'SWdown', 'LWdown', 'SWdown_clearsky', 'LST_TERRA_Day']]"
ES-LgS,0.0052780321662824,0.0052780323,0.0726500665263457,0.07265007,0.7524548175889672,0.7524548172950745,0.1081927109414065,0.10819272,0.0461797874632278,0.04617979,14,2,"[['Tair', 'vpd', 'SWdown', 'SWdown_clearsky', 'IGBP_veg_short', 'LST_TERRA_Day'], ['Tair', 'vpd', 'SWdown', 'LWdown', 'SWdown_clearsky', 'IGBP_veg_short', 'LST_TERRA_Day']]"
FI-Hyy,0.001200162207638,0.0013740017,0.0346433573378514,0.03706753,0.9273450848974296,0.9168212413787842,0.0673911937652917,0.071626544,0.020965471824472,0.02240967,13,1,"[['Tair', 'vpd', 'SWdown', 'SWdown_clearsky', 'IGBP_veg_short', 'LST_TERRA_Day']]"
FI-Ken,0.0018920040049766,0.0019273816,0.0434971723790946,0.043901954,0.9203460520466056,0.9188566207885742,0.1002478208720624,0.10095282,0.0260510805931379,0.026359411,14,4,"[['Tair', 'vpd', 'SWdown', 'SWdown_clearsky'], ['Tair', 'vpd', 'SWdown', 'LWdown', 'SWdown_clearsky'], ['Tair', 'vpd', 'SWdown', 'SWdown_clearsky', 'IGBP_veg_short'], ['Tair', 'vpd', 'SWdown', 'LWdown', 'SWdown_clearsky', 'IGBP_veg_short']]"
FI-Let,0.0006507878071997,0.00065143855,0.0255105430596793,0.025523294,0.8364934832941213,0.836329996585846,0.0266933029379284,0.026471257,0.0134276028680499,0.013331172,14,2,"[['Tair', 'vpd', 'SWdown', 'SWdown_clearsky'], ['Tair', 'vpd', 'SWdown', 'LWdown', 'SWdown_clearsky']]"
FI-Lom,0.0071330497832169,0.007873311,0.0844573844208836,0.08873168,0.8190748730081441,0.8002986311912537,0.1512685590860636,0.15703103,0.043096105293397,0.04564895,13,1,"[['Tair', 'vpd', 'SWdown', 'LWdown', 'LST_TERRA_Day']]"
FI-Qvd,0.0015028374300593,0.0018815824,0.0387664472199774,0.04337721,0.9270221202224792,0.9086302518844604,0.0838885636964466,0.08557692,0.0217469773572847,0.024005441,14,2,"[['Tair', 'vpd', 'SWdown', 'SWdown_clearsky', 'IGBP_veg_short'], ['Tair', 'vpd', 'SWdown', 'LWdown', 'SWdown_clearsky', 'IGBP_veg_short']]"
FI-Sii,0.0019987465832897,0.0022875576,0.0447073437288517,0.047828417,0.8316812283912676,0.8073598146438599,0.0779433757263873,0.074646264,0.0228639844966237,0.023031648,13,1,"[['Tair', 'vpd', 'SWdown', 'LWdown']]"
FI-Sod,0.0011524540961948,0.0011525907,0.0339478143065912,0.033949826,0.8624826242405084,0.8624663352966309,0.0445765438026811,0.04457899,0.0189665632700059,0.018967798,14,2,"[['Tair', 'vpd', 'SWdown', 'SWdown_clearsky', 'LST_TERRA_Day'], ['Tair', 'vpd', 'SWdown', 'LWdown', 'SWdown_clearsky', 'LST_TERRA_Day']]"
FI-Var,0.0028980356629404,0.0028980358,0.0538334065700881,0.053833406,0.7033260026921961,0.7033259868621826,0.0961367427670596,0.09613675,0.0279828212056942,0.027982822,14,2,"[['Tair', 'vpd', 'SWdown', 'SWdown_clearsky', 'IGBP_veg_short', 'LST_TERRA_Day'], ['Tair', 'vpd', 'SWdown', 'LWdown', 'SWdown_clearsky', 'IGBP_veg_short', 'LST_TERRA_Day']]"
FR-Aur,0.0013867865826201,0.0016139423,0.0372395835452026,0.0401739,0.5606474919506406,0.4886815547943115,0.053279692472876,0.05385758,0.0203643351677875,0.020862631,13,1,"[['Tair', 'SWdown', 'SWdown_clearsky']]"
FR-Bil,0.0017071607186697,0.0017430588,0.0413178014743005,0.041749954,0.8445328549279656,0.8412636518478394,0.0568689849302804,0.057114623,0.0245943326310568,0.024705175,14,2,"[['Tair', 'vpd', 'SWdown', 'SWdown_clearsky'], ['Tair', 'vpd', 'SWdown', 'LWdown', 'SWdown_clearsky']]"
FR-EM2,0.0025431521111628,0.0028742105,0.0504296749063766,0.053611662,0.6590101040302492,0.6146212816238403,0.0835718224024723,0.089014165,0.024523880242473,0.025735782,13,1,"[['Tair', 'SWdown', 'SWdown_clearsky']]"
FR-FBn,0.0026145541860266,0.0026717975,0.0511327115066925,0.051689435,0.846165426847523,0.8427973389625549,0.0646744479159409,0.06466626,0.0319801096199303,0.03224646,13,1,"[['Tair', 'SWdown', 'LWdown', 'IGBP_veg_short', 'LST_TERRA_Day']]"
FR-Fon,0.0024106400538124,0.002411441,0.049098269356592,0.049106427,0.7641398539254672,0.7640615105628967,0.0715278704244523,0.071544215,0.0277429476160629,0.02775064,14,2,"[['Tair', 'vpd', 'SWdown', 'SWdown_clearsky', 'LST_TERRA_Day'], ['Tair', 'vpd', 'SWdown', 'LWdown', 'SWdown_clearsky', 'LST_TERRA_Day']]"
FR-Gri,0.0069838888892291,0.007039795,0.0835696648864234,0.083903484,0.5237903213119837,0.5199782848358154,0.2221764264177596,0.22074026,0.044031574288976,0.044905778,13,1,"[['Tair', 'SWdown', 'LWdown', 'IGBP_veg_short', 'LST_TERRA_Day']]"
FR-Hes,0.0019704119392517,0.0020985904,0.0443893223563032,0.045810375,0.792317311248021,0.7788072228431702,0.0677295750354123,0.0686315,0.0261790395367639,0.026706306,13,1,"[['Tair', 'vpd', 'SWdown', 'SWdown_clearsky', 'IGBP_veg_short', 'LST_TERRA_Day']]"
FR-LBr,0.0026320970942237,0.0028818625,0.0513039676265273,0.053682983,0.8177048482756535,0.8004064559936523,0.0952963759392743,0.09736856,0.0327874354807443,0.03438634,13,1,"[['Tair', 'vpd', 'SWdown', 'SWdown_clearsky', 'IGBP_veg_short']]"
FR-LGt,0.0010128918703751,0.001038176,0.0318259622065874,0.03222074,0.8523504290130848,0.8486647605895996,0.045627192608222,0.04540387,0.0196662226031401,0.019779384,13,1,"[['Tair', 'vpd', 'SWdown', 'SWdown_clearsky', 'IGBP_veg_short', 'LST_TERRA_Day']]"
FR-Lam,0.0081241561530273,0.008415922,0.0901341009442449,0.091738336,0.4331182693031529,0.4127596020698547,0.1756390624432165,0.17724806,0.046544133826687,0.0471339,13,1,"[['Tair', 'vpd', 'SWdown', 'SWdown_clearsky', 'IGBP_veg_short']]"
FR-Mej,0.0008928123947661,0.001774034,0.0298799664451984,0.042119283,0.8436248082389947,0.6892796754837036,0.0662767258534779,0.08214108,0.0172562084285722,0.023502534,14,2,"[['SWdown'], ['SWdown', 'IGBP_veg_short']]"
FR-Pue,0.0049607389105785,0.005775161,0.0704325131638691,0.075994484,0.6191703768440864,0.5566482543945312,0.1590629476057085,0.16656375,0.0438413869857536,0.046734028,13,1,"[['SWdown', 'LWdown', 'SWdown_clearsky']]"
FR-Tou,0.0022179241426516,0.0025553713,0.0470948419962493,0.05055068,0.7896026411917028,0.7575916051864624,0.0660290075454137,0.06834781,0.030522843079499,0.0318433,13,1,"[['Tair', 'vpd', 'SWdown']]"
GF-Guy,0.0032434100017383,0.0033063905,0.0569509438178007,0.057501223,0.7953304995302859,0.7913562059402466,0.1484794391481825,0.14823577,0.0368586297041414,0.03716054,14,1,"[['Tair', 'vpd', 'SWdown', 'SWdown_clearsky', 'IGBP_veg_short']]"
GH-Ank,0.0008733850293071,0.0009946992,0.029553088320971,0.03153885,0.8387735517957849,0.8163790106773376,0.0412096979619241,0.045404017,0.0179117514677886,0.019700134,14,1,"[['SWdown', 'LWdown', 'SWdown_clearsky']]"
GL-NuF,0.0057382502929596,0.0062537408,0.0757512395473477,0.0790806,0.6932291525187991,0.6656706929206848,0.1181365435959116,0.12258179,0.0455625734263175,0.047808252,14,2,"[['vpd', 'SWdown', 'SWdown_clearsky', 'IGBP_veg_short', 'LST_TERRA_Day'], ['vpd', 'SWdown', 'LWdown', 'SWdown_clearsky', 'IGBP_veg_short', 'LST_TERRA_Day']]"
GL-ZaF,0.0039856628979127,0.0041886535,0.063132106712138,0.06471981,0.801183955425692,0.7910582423210144,0.1672137965589553,0.17034173,0.0384292544135633,0.039181497,14,2,"[['Tair', 'SWdown', 'SWdown_clearsky', 'IGBP_veg_short', 'LST_TERRA_Day'], ['Tair', 'SWdown', 'LWdown', 'SWdown_clearsky', 'IGBP_veg_short', 'LST_TERRA_Day']]"
GL-ZaH,0.0025146724910462,0.0025804827,0.0501465102579056,0.050798453,0.6963960967754744,0.6884506940841675,0.0774565202776459,0.07915451,0.0311616704157392,0.031652585,14,2,"[['Tair', 'vpd', 'SWdown', 'IGBP_veg_short', 'LST_TERRA_Day'], ['Tair', 'vpd', 'SWdown', 'LWdown', 'IGBP_veg_short', 'LST_TERRA_Day']]"
IL-Yat,0.002085204330653,0.0021533344,0.0456640376078708,0.046404034,0.7372802795588865,0.7286964654922485,0.0836193525306707,0.08443354,0.0262523512034505,0.026555825,13,1,"[['Tair', 'SWdown', 'LWdown', 'SWdown_clearsky', 'IGBP_veg_short', 'LST_TERRA_Day']]"
IT-BCi,0.0033090033018962,0.0039036346,0.0575239367732794,0.062479075,0.4696580034190017,0.3743550181388855,0.0969608022726961,0.093752526,0.0356549916476559,0.035131257,13,2,"[['SWdown'], ['SWdown', 'IGBP_veg_short']]"
IT-BFt,0.0012789222327424,0.0012983808,0.0357620222127107,0.036033053,0.8532570497901205,0.8510243892669678,0.0550090167295858,0.055572014,0.021802094818466,0.02211279,14,2,"[['Tair', 'SWdown', 'SWdown_clearsky', 'IGBP_veg_short', 'LST_TERRA_Day'], ['Tair', 'SWdown', 'LWdown', 'SWdown_clearsky', 'IGBP_veg_short', 'LST_TERRA_Day']]"
IT-CA1,0.0030175490448731,0.0032747027,0.0549322222823099,0.05722502,0.8517087373773365,0.8390714526176453,0.1202906227232048,0.120931484,0.0335965218329163,0.034422915,13,2,"[['SWdown', 'SWdown_clearsky', 'LST_TERRA_Day'], ['SWdown', 'SWdown_clearsky', 'IGBP_veg_short', 'LST_TERRA_Day']]"
IT-CA2,0.0034948286360951,0.0036958572,0.0591170756727285,0.060793564,0.6490843578616032,0.628899097442627,0.1559594125297879,0.15777919,0.0334266740876023,0.03413786,13,1,"[['vpd', 'SWdown', 'LWdown', 'SWdown_clearsky', 'IGBP_veg_short', 'LST_TERRA_Day']]"
IT-CA3,0.0422326801397808,0.042232804,0.2055059126637986,0.20550622,0.5296223229446412,0.5296210050582886,0.1748385904756393,0.1748375,0.114867988981655,0.114867546,13,1,"[['Tair', 'vpd', 'SWdown', 'LWdown', 'SWdown_clearsky', 'LST_TERRA_Day']]"
IT-Col,0.0032370087244841,0.0032373618,0.0568947161385325,0.05689782,0.8274794656610746,0.8274606466293335,0.1086235942955074,0.10862688,0.0313570057552009,0.03135858,13,1,"[['Tair', 'vpd', 'SWdown', 'LWdown', 'SWdown_clearsky', 'LST_TERRA_Day']]"
IT-Cp2,0.0048313380566629,0.0056769405,0.0695078273050091,0.07534547,0.7299578310855499,0.6826938390731812,0.1068969655930354,0.11568354,0.0453078336569443,0.04993529,13,1,"[['SWdown', 'SWdown_clearsky', 'IGBP_veg_short', 'LST_TERRA_Day']]"
IT-Cpz,0.0042886577527794,0.004306372,0.0654878443131203,0.06562295,0.8183092984735021,0.8175588250160217,0.0972457632949349,0.09695893,0.0410338422820639,0.040909797,16,2,"[['vpd', 'SWdown', 'SWdown_clearsky'], ['vpd', 'SWdown', 'LWdown', 'SWdown_clearsky']]"
IT-Isp,0.0016409744166348,0.0016410192,0.0405089424279975,0.040509496,0.9000225401847802,0.9000198245048523,0.0927021606525856,0.09270258,0.0255914189315939,0.025591569,13,1,"[['Tair', 'vpd', 'SWdown', 'LWdown', 'SWdown_clearsky', 'LST_TERRA_Day']]"
IT-La2,0.0012849827805476,0.0012849828,0.0358466564765484,0.035846658,0.7225204811607995,0.7225204706192017,0.0593376898961846,0.05933769,0.0215944821402162,0.021594483,14,2,"[['Tair', 'vpd', 'SWdown', 'LWdown', 'SWdown_clearsky', 'LST_TERRA_Day'], ['Tair', 'vpd', 'SWdown', 'LWdown', 'SWdown_clearsky', 'IGBP_veg_short', 'LST_TERRA_Day']]"
IT-Lav,0.0021012675502205,0.0021012786,0.0458395849699857,0.045839705,0.8601530389260507,0.8601523041725159,0.0544286572570103,0.054428864,0.0266095126035979,0.02660961,14,1,"[['Tair', 'vpd', 'SWdown', 'LWdown', 'SWdown_clearsky', 'LST_TERRA_Day']]"
IT-Lsn,0.0033226551881041,0.0034572715,0.057642477289792,0.058798566,0.8572517559011053,0.8514683246612549,0.07714386879158,0.077974625,0.0328381258105129,0.033408497,13,1,"[['Tair', 'vpd', 'SWdown', 'SWdown_clearsky', 'IGBP_veg_short']]"
IT-MBo,0.0021496778047914,0.0021925496,0.0463646180270195,0.046824668,0.8765128749509867,0.8740501403808594,0.0706433790850408,0.07103616,0.0262500637855246,0.026532466,13,1,"[['Tair', 'vpd', 'SWdown', 'SWdown_clearsky', 'IGBP_veg_short', 'LST_TERRA_Day']]"
IT-Noe,0.0019241741011646,0.0022231042,0.0438654089364799,0.047149807,0.8689203603170518,0.8485564589500427,0.0863343404645382,0.08854492,0.0279033258036623,0.029460767,13,1,"[['Tair', 'vpd', 'SWdown', 'SWdown_clearsky', 'LST_TERRA_Day']]"
IT-PT1,0.0062950358563685,0.007045721,0.0793412620038816,0.08393879,0.7874764455667495,0.7621329426765442,0.1247602965787508,0.12773359,0.049947982007584,0.053463563,14,2,"[['Tair', 'SWdown', 'SWdown_clearsky', 'LST_TERRA_Day'], ['Tair', 'SWdown', 'LWdown', 'SWdown_clearsky', 'LST_TERRA_Day']]"
IT-Ren,0.001641134916305,0.001688135,0.0405109234195554,0.04108692,0.8374066366580508,0.8327502012252808,0.0720676191783604,0.07187333,0.0226928387981381,0.022901967,13,1,"[['Tair', 'vpd', 'SWdown', 'SWdown_clearsky', 'LST_TERRA_Day']]"
IT-Ro1,0.0038636187764635,0.0038636185,0.0621580145794856,0.06215801,0.7645963808339211,0.7645964026451111,0.1033012947178984,0.10330129,0.0337796968925619,0.033779696,14,1,"[['Tair', 'vpd', 'SWdown', 'LWdown', 'SWdown_clearsky', 'IGBP_veg_short', 'LST_TERRA_Day']]"
IT-Ro2,0.0033435384242982,0.0035859484,0.0578233380591111,0.05988279,0.7062147948566357,0.6849151253700256,0.1021693857387401,0.1052564,0.0339940369194603,0.035213474,13,1,"[['Tair', 'SWdown', 'LWdown', 'SWdown_clearsky', 'IGBP_veg_short', 'LST_TERRA_Day']]"
IT-SR2,0.0019004912790606,0.0020421385,0.0435946244284843,0.045190025,0.8438965888983216,0.8322619199752808,0.0537134868370391,0.054803714,0.0269072211629662,0.027658518,13,1,"[['Tair', 'vpd', 'SWdown', 'SWdown_clearsky', 'IGBP_veg_short', 'LST_TERRA_Day']]"
IT-SRo,0.0025410781557819,0.002674364,0.0504091078653648,0.051714253,0.8019223822087681,0.7915326952934265,0.0951594037568877,0.09507721,0.0329269671490529,0.03345227,13,2,"[['Tair', 'SWdown', 'LWdown', 'SWdown_clearsky'], ['Tair', 'SWdown', 'LWdown', 'SWdown_clearsky', 'IGBP_veg_short']]"
IT-Tor,0.0005574824904838,0.0005576986,0.0236110671187009,0.023615643,0.780243518310958,0.7801583409309387,0.0272383688472059,0.02724063,0.0125165194454364,0.012517591,13,1,"[['Tair', 'vpd', 'SWdown', 'LWdown', 'SWdown_clearsky', 'LST_TERRA_Day']]"
JP-SMF,0.005359670931306,0.0047851223,0.0732097734684794,0.06917458,0.7827017509327552,0.8059958219528198,0.1570323077910357,0.14841789,0.0464263058264493,0.043042403,13,1,"[['Tair', 'LWdown', 'SWdown_clearsky', 'IGBP_veg_short', 'LST_TERRA_Day']]"
MX-Tes,0.0011275045657162,0.0011358124,0.0335783347668734,0.033701815,0.3229748757306135,0.3179863691329956,0.0257987453475077,0.02564879,0.0156336719551492,0.0155449575,13,1,"[['Tair', 'vpd', 'SWdown', 'LWdown', 'IGBP_veg_short', 'LST_TERRA_Day']]"
MY-PSO,0.0038651219233984,0.0038907947,0.0621701047401277,0.062376235,0.7984170829288019,0.7970781326293945,0.0939113483145744,0.09413902,0.037135446235416,0.03724923,13,1,"[['Tair', 'vpd', 'SWdown', 'LWdown', 'SWdown_clearsky']]"
NL-Hor,0.0029406339320499,0.0029406338,0.0542276122658002,0.05422761,0.8649457278744127,0.8649457097053528,0.1070054640413067,0.10700546,0.033156640363642,0.03315664,14,2,"[['Tair', 'SWdown', 'LWdown', 'SWdown_clearsky', 'IGBP_veg_short', 'LST_TERRA_Day'], ['Tair', 'vpd', 'SWdown', 'LWdown', 'SWdown_clearsky', 'IGBP_veg_short', 'LST_TERRA_Day']]"
NL-Loo,0.0021547468612664,0.002154766,0.0464192509770075,0.046419457,0.8765735995856819,0.8765724897384644,0.0674228159906039,0.06742308,0.0275893286770373,0.02758943,13,1,"[['Tair', 'vpd', 'SWdown', 'LWdown', 'SWdown_clearsky', 'LST_TERRA_Day']]"
PA-SPn,0.003622433929407,0.003622477,0.0601866590650042,0.060187016,0.7396561870905527,0.7396531105041504,0.0853665994104477,0.0853682,0.0364208011121689,0.036421463,14,2,"[['Tair', 'vpd', 'SWdown', 'SWdown_clearsky', 'LST_TERRA_Day'], ['Tair', 'vpd', 'SWdown', 'LWdown', 'SWdown_clearsky', 'LST_TERRA_Day']]"
PA-SPs,0.0024030253201793,0.003498669,0.0490206621760589,0.05914955,0.9368792116041972,0.9080997109413148,0.0946188327241318,0.10725193,0.0310670740459191,0.036025077,14,4,"[['vpd', 'SWdown', 'SWdown_clearsky', 'LST_TERRA_Day'], ['vpd', 'SWdown', 'LWdown', 'SWdown_clearsky', 'LST_TERRA_Day'], ['vpd', 'SWdown', 'SWdown_clearsky', 'IGBP_veg_short', 'LST_TERRA_Day'], ['vpd', 'SWdown', 'LWdown', 'SWdown_clearsky', 'IGBP_veg_short', 'LST_TERRA_Day']]"
RU-Che,0.0038295435337722,0.003991095,0.0618833057760513,0.06317511,0.5751528294112167,0.5572304725646973,0.2762092982746169,0.22573353,0.0376669701508007,0.033692777,13,1,"[['Tair', 'SWdown_clearsky']]"
RU-Cok,0.0066917657171431,0.008299178,0.0818032133668544,0.09109983,0.7635997260781989,0.7068145871162415,0.1332285232045308,0.16058354,0.0553855440979876,0.06402547,13,1,"[['Tair', 'SWdown', 'LWdown', 'SWdown_clearsky']]"
RU-Fy2,0.0012748115281226,0.0012748115,0.0357045029110149,0.0357045,0.8896960642792602,0.8896960616111755,0.0526089712345236,0.052608978,0.0192027404967941,0.01920274,14,2,"[['Tair', 'vpd', 'SWdown', 'LWdown', 'SWdown_clearsky', 'LST_TERRA_Day'], ['Tair', 'vpd', 'SWdown', 'LWdown', 'SWdown_clearsky', 'IGBP_veg_short', 'LST_TERRA_Day']]"
RU-Fyo,0.0023129563765904,0.002329255,0.0480932050979184,0.048262354,0.8799352819003223,0.8790892362594604,0.0882554166397596,0.08837191,0.0263927560637318,0.026465818,13,1,"[['Tair', 'vpd', 'SWdown', 'LWdown', 'SWdown_clearsky', 'LST_TERRA_Day']]"
RU-Ha1,0.0016658764149983,0.0016658764,0.0408151493320604,0.04081515,0.7661845733011151,0.7661845684051514,0.0887661118518348,0.08876612,0.0226120924672288,0.022612091,14,2,"[['Tair', 'vpd', 'SWdown', 'SWdown_clearsky', 'IGBP_veg_short', 'LST_TERRA_Day'], ['Tair', 'vpd', 'SWdown', 'LWdown', 'SWdown_clearsky', 'IGBP_veg_short', 'LST_TERRA_Day']]"
SD-Dem,0.0029789182457983,0.0030621474,0.0545794672546218,0.055336673,0.7718112132144453,0.7654358148574829,0.1169163406230695,0.12316628,0.0310186964243456,0.032080166,14,2,"[['Tair', 'vpd', 'SWdown', 'SWdown_clearsky', 'IGBP_veg_short'], ['Tair', 'vpd', 'SWdown', 'LWdown', 'SWdown_clearsky', 'IGBP_veg_short']]"
SE-Deg,0.0002737976812473,0.00027385692,0.0165468329672882,0.016548622,0.8352643523197457,0.835228681564331,0.0211778544663741,0.02117895,0.0089572761185939,0.008957825,13,1,"[['Tair', 'vpd', 'SWdown', 'LWdown', 'SWdown_clearsky', 'LST_TERRA_Day']]"
SE-Htm,0.0018666223494892,0.0020408055,0.0432044251146709,0.045175277,0.8826626779899743,0.871713399887085,0.0652224448247246,0.066301964,0.0260543561289112,0.026687132,13,1,"[['Tair', 'vpd', 'SWdown', 'LWdown', 'SWdown_clearsky', 'IGBP_veg_short']]"
SE-Lnn,0.0047425194612505,0.0061948514,0.0688659528450058,0.078707375,0.4237579685877493,0.2472916841506958,0.2899683364601942,0.3376937,0.0350418436842517,0.039227527,14,2,"[['vpd', 'SWdown', 'SWdown_clearsky', 'IGBP_veg_short'], ['vpd', 'SWdown', 'LWdown', 'SWdown_clearsky', 'IGBP_veg_short']]"
SE-Nor,0.0010977159683009,0.0011304368,0.0331317969373982,0.03362197,0.9020776760439864,0.8991588354110718,0.0407131053977318,0.041340906,0.0202334834432181,0.020572549,13,1,"[['Tair', 'vpd', 'SWdown', 'SWdown_clearsky', 'IGBP_veg_short']]"
SE-Ros,0.0007457401182075,0.00074575725,0.0273082426788606,0.027308557,0.9398533809989628,0.9398519992828368,0.0556839474787814,0.0556846,0.0152435282816999,0.015243779,14,2,"[['Tair', 'vpd', 'SWdown', 'SWdown_clearsky', 'LST_TERRA_Day'], ['Tair', 'vpd', 'SWdown', 'LWdown', 'SWdown_clearsky', 'LST_TERRA_Day']]"
SE-Svb,0.0017779533173996,0.0017779532,0.0421657837280376,0.042165782,0.8835644814530829,0.8835644721984863,0.0695515850032451,0.06955159,0.0236070651479128,0.023607068,13,1,"[['Tair', 'vpd', 'SWdown', 'LWdown', 'SWdown_clearsky', 'IGBP_veg_short', 'LST_TERRA_Day']]"
SJ-Adv,0.0001080092042779,0.00013265618,0.0103927476770074,0.011517647,-0.332732093096808,-0.636852502822876,0.0277094965865139,0.030300712,0.0065032842487406,0.0071178,14,1,"[['vpd', 'SWdown', 'LWdown', 'SWdown_clearsky', 'LST_TERRA_Day']]"
US-A32,0.0015287918014967,0.0018192495,0.0390997672818746,0.04265266,0.8043146141969393,0.7671360373497009,0.0878754497551976,0.094139665,0.0238198690902647,0.025790641,13,1,"[['Tair', 'vpd', 'SWdown', 'SWdown_clearsky', 'IGBP_veg_short']]"
US-AR1,0.0009392437022365,0.0011531615,0.0306470830950764,0.03395823,0.3589060736704437,0.2128934860229492,0.0316022684481481,0.032945454,0.0158544765405882,0.016635085,14,1,"[['Tair', 'vpd', 'SWdown', 'LWdown', 'SWdown_clearsky']]"
US-AR2,0.00155104996162,0.0018781224,0.039383371638549,0.04333731,0.224412102978678,0.0608626008033752,0.0448321247274391,0.04812988,0.0213947875363091,0.022983132,14,1,"[['Tair', 'SWdown']]"
US-ARM,0.002439188038404,0.0024443334,0.0493881366160336,0.0494402,0.6005381286668097,0.5996954441070557,0.0640752747716524,0.064285755,0.0279181432679101,0.027978413,13,1,"[['Tair', 'vpd', 'SWdown', 'SWdown_clearsky', 'IGBP_veg_short', 'LST_TERRA_Day']]"
US-ARb,0.0040062879789319,0.009240007,0.0632952445206742,0.096124955,-0.1542928356835311,-1.6622333526611328,0.1428132952258121,0.14226644,0.0532053604035597,0.05421586,13,3,"[['LWdown'], ['IGBP_veg_short'], ['LWdown', 'IGBP_veg_short']]"
US-ARc,0.0052198026407602,0.00980131,0.0722482016437799,0.099001564,0.4440835359067518,-0.0438535213470459,0.1093929767378554,0.14396161,0.0431837981238084,0.055795927,15,4,"[['SWdown_clearsky'], ['LWdown', 'SWdown_clearsky'], ['SWdown_clearsky', 'IGBP_veg_short'], ['LWdown', 'SWdown_clearsky', 'IGBP_veg_short']]"
US-Atq,0.0037209622573178,0.003741069,0.0609996906329687,0.06116428,0.719945809941539,0.7184325456619263,0.087400737660561,0.08450413,0.035809097494573,0.034738388,14,2,"[['Tair', 'SWdown', 'SWdown_clearsky', 'IGBP_veg_short'], ['Tair', 'SWdown', 'LWdown', 'SWdown_clearsky', 'IGBP_veg_short']]"
US-BZB,0.0003939611911337,0.00039805696,0.0198484556359872,0.019951364,0.896898095143224,0.8958262205123901,0.0211374619203903,0.021291003,0.0114630328237363,0.011548978,13,1,"[['Tair', 'vpd', 'SWdown', 'SWdown_clearsky', 'IGBP_veg_short', 'LST_TERRA_Day']]"
US-BZF,0.0009675201698383,0.0010797211,0.0311049862536281,0.03285911,0.7945058838417366,0.7706752419471741,0.0340457762709086,0.03491402,0.0180630659480783,0.01868086,13,1,"[['Tair', 'vpd', 'SWdown', 'SWdown_clearsky', 'IGBP_veg_short']]"
US-BZS,0.0012682770611903,0.0012682771,0.0356128777437364,0.035612877,0.7729127871196103,0.7729128003120422,0.0415863780461087,0.041586373,0.0194054021765713,0.019405402,14,2,"[['Tair', 'vpd', 'SWdown', 'SWdown_clearsky', 'IGBP_veg_short', 'LST_TERRA_Day'], ['Tair', 'vpd', 'SWdown', 'LWdown', 'SWdown_clearsky', 'IGBP_veg_short', 'LST_TERRA_Day']]"
US-BZo,0.0014631537102627,0.0015490245,0.038251192272435,0.039357647,0.5899704669889803,0.565906286239624,0.0468223284356461,0.048759274,0.0218335025487057,0.022690697,14,2,"[['Tair', 'vpd', 'SWdown', 'IGBP_veg_short'], ['Tair', 'vpd', 'SWdown', 'LWdown', 'IGBP_veg_short']]"
US-Bi1,0.0071604760019073,0.0077976403,0.0846195958505316,0.08830425,0.7128834563416184,0.6873348355293274,0.1192007314648728,0.12056412,0.0488088664631372,0.050303336,13,1,"[['Tair', 'vpd', 'SWdown', 'SWdown_clearsky', 'IGBP_veg_short']]"
US-Bi2,0.006913726890475,0.007158704,0.0831488237467915,0.08460913,0.5846460882560949,0.5699286460876465,0.1140098170891362,0.11756171,0.0408627664487824,0.04184152,13,1,"[['Tair', 'vpd', 'LWdown', 'SWdown_clearsky', 'IGBP_veg_short', 'LST_TERRA_Day']]"
US-Blo,0.0021134353543574,0.0022310761,0.0459721149650248,0.047234267,0.899047742495252,0.893428385257721,0.0487695437880697,0.04843755,0.0273861241920699,0.027601361,14,2,"[['vpd', 'SWdown', 'SWdown_clearsky', 'LST_TERRA_Day'], ['vpd', 'SWdown', 'LWdown', 'SWdown_clearsky', 'LST_TERRA_Day']]"
US-CF1,0.0065075428887697,0.006550082,0.0806693429300731,0.08093258,0.5299048257909263,0.526831865310669,0.1432021235947104,0.15208238,0.0393422022374254,0.039529376,14,2,"[['Tair', 'vpd', 'SWdown_clearsky', 'IGBP_veg_short'], ['Tair', 'vpd', 'LWdown', 'SWdown_clearsky', 'IGBP_veg_short']]"
US-CF2,0.0092676872694095,0.009267801,0.0962688281294085,0.09626942,0.5231580623755424,0.523152232170105,0.163692647321434,0.16369423,0.0484346009648316,0.04843539,16,2,"[['Tair', 'vpd', 'SWdown', 'SWdown_clearsky', 'LST_TERRA_Day'], ['Tair', 'vpd', 'SWdown', 'LWdown', 'SWdown_clearsky', 'LST_TERRA_Day']]"
US-CF3,0.0001133827421281,0.000116809766,0.0106481332696457,0.010807857,0.1141873741654855,0.0874134302139282,0.0229283736102165,0.02301531,0.0056945224151894,0.0057183076,15,4,"[['Tair', 'SWdown', 'SWdown_clearsky', 'LST_TERRA_Day'], ['Tair', 'SWdown', 'LWdown', 'SWdown_clearsky', 'LST_TERRA_Day'], ['Tair', 'SWdown', 'SWdown_clearsky', 'IGBP_veg_short', 'LST_TERRA_Day'], ['Tair', 'SWdown', 'LWdown', 'SWdown_clearsky', 'IGBP_veg_short', 'LST_TERRA_Day']]"
US-CF4,0.0054164039884856,0.006616345,0.0735962226509327,0.08134092,0.5663113620333239,0.4702327251434326,0.0991966705745746,0.10177872,0.0338674627510134,0.0362546,14,2,"[['Tair', 'vpd', 'SWdown', 'SWdown_clearsky', 'IGBP_veg_short'], ['Tair', 'vpd', 'SWdown', 'LWdown', 'SWdown_clearsky', 'IGBP_veg_short']]"
US-CRT,0.0058470489084085,0.012169851,0.0764659983810356,0.110317044,-0.1970575924356727,-1.4915153980255127,0.2310966754056639,0.31214222,0.0458040844526562,0.058064196,13,1,[['vpd']]
US-CS1,0.0005349746852622,0.003867613,0.0231295197801911,0.062190134,-0.5202325054618995,-9.990559577941896,0.0398032428806714,0.06640546,0.0124563469128175,0.021371907,13,2,"[['Tair', 'LST_TERRA_Day'], ['Tair', 'IGBP_veg_short', 'LST_TERRA_Day']]"
US-CS3,0.0005779896981701,0.0005779897,0.0240414163095718,0.024041416,0.6496017381508581,0.6496017575263977,0.0470527037978964,0.0470527,0.013507294514421,0.013507294,13,2,"[['Tair', 'vpd', 'SWdown', 'LWdown', 'SWdown_clearsky', 'LST_TERRA_Day'], ['Tair', 'vpd', 'SWdown', 'LWdown', 'SWdown_clearsky', 'IGBP_veg_short', 'LST_TERRA_Day']]"
US-CS4,4.468559265298533e-05,0.00011269579,0.0066847283155701,0.0106158275,-0.0255036530140322,-1.5862908363342283,0.0148954890421928,0.024213748,0.0043798888892002,0.007150149,13,2,"[['Tair', 'vpd', 'LWdown', 'LST_TERRA_Day'], ['Tair', 'vpd', 'LWdown', 'IGBP_veg_short', 'LST_TERRA_Day']]"
US-EDN,0.0028978789241579,0.003035303,0.0538319507742191,0.055093583,0.7827440649126911,0.7724412679672241,0.0696345483550818,0.06996001,0.0347976852190912,0.035211843,13,1,"[['Tair', 'vpd', 'SWdown', 'SWdown_clearsky', 'IGBP_veg_short']]"
US-GLE,0.000937210078889,0.0009798683,0.0306138870267904,0.03130285,0.8426080250778589,0.8354440927505493,0.0412336460293362,0.041451637,0.0178493154916254,0.01809525,13,1,"[['Tair', 'SWdown', 'LWdown', 'SWdown_clearsky', 'LST_TERRA_Day']]"
US-Goo,0.0027774746214006,0.0027778423,0.0527017515970833,0.05270524,0.7790090565597113,0.7789797782897949,0.0754333031833868,0.07544117,0.0328567492668088,0.032859493,13,1,"[['Tair', 'vpd', 'SWdown', 'LWdown', 'SWdown_clearsky', 'LST_TERRA_Day']]"
US-HB1,0.0006096226373326,0.00067794503,0.0246905374046953,0.026037378,0.5584655335288422,0.5089813470840454,0.0425364401477873,0.04463877,0.0151450028438946,0.015858566,16,4,"[['Tair', 'SWdown', 'SWdown_clearsky'], ['Tair', 'SWdown', 'SWdown_clearsky', 'IGBP_veg_short'], ['Tair', 'SWdown', 'SWdown_clearsky', 'LST_TERRA_Day'], ['Tair', 'SWdown', 'SWdown_clearsky', 'IGBP_veg_short', 'LST_TERRA_Day']]"
US-HWB,0.0010712316115546,0.0011490074,0.0327296747853479,0.033897012,0.513834962608576,0.4785374402999878,0.0361769827739784,0.037031006,0.0166529756679305,0.017014792,13,1,"[['Tair', 'SWdown', 'SWdown_clearsky', 'IGBP_veg_short']]"
US-Hn3,0.0002111584053265,0.00032582443,0.014531290559567,0.018050607,0.3312564870414242,-0.0318933725357055,0.0205354460637613,0.027154937,0.0086566664742048,0.011490492,14,2,"[['SWdown', 'SWdown_clearsky'], ['SWdown', 'SWdown_clearsky', 'IGBP_veg_short']]"
US-Ho2,0.001075213024803,0.0010940696,0.0327904410583786,0.033076722,0.8333967113291489,0.8304749131202698,0.0432818343122233,0.043661885,0.0188917102667012,0.019060638,14,2,"[['Tair', 'SWdown', 'LWdown', 'SWdown_clearsky', 'IGBP_veg_short'], ['Tair', 'vpd', 'SWdown', 'LWdown', 'SWdown_clearsky', 'IGBP_veg_short']]"
US-IB2,0.0006464222971655,0.0006464223,0.0254248362269171,0.025424836,0.8798286685113362,0.879828691482544,0.0390827164875212,0.039082717,0.0137142416113772,0.013714242,14,2,"[['Tair', 'vpd', 'SWdown', 'SWdown_clearsky', 'IGBP_veg_short', 'LST_TERRA_Day'], ['Tair', 'vpd', 'SWdown', 'LWdown', 'SWdown_clearsky', 'IGBP_veg_short', 'LST_TERRA_Day']]"
US-ICs,0.0001708549153368,0.00018036934,0.0130711482026948,0.013430165,0.7106474558987251,0.694534182548523,0.013588691853791,0.0140151065,0.0066635619078149,0.006865629,14,2,"[['SWdown', 'SWdown_clearsky', 'IGBP_veg_short', 'LST_TERRA_Day'], ['SWdown', 'LWdown', 'SWdown_clearsky', 'IGBP_veg_short', 'LST_TERRA_Day']]"
US-ICt,8.351883282364625e-05,9.4304414e-05,0.0091388638694121,0.009711046,0.4738334167986544,0.4058845639228821,0.008895283960827,0.009271711,0.0041636615153386,0.004351923,14,2,"[['vpd', 'SWdown', 'SWdown_clearsky', 'IGBP_veg_short', 'LST_TERRA_Day'], ['vpd', 'SWdown', 'LWdown', 'SWdown_clearsky', 'IGBP_veg_short', 'LST_TERRA_Day']]"
US-Ivo,0.0046042355172383,0.0064030807,0.0678545172942695,0.08001925,0.8171240109840134,0.7456755638122559,0.1304333292945672,0.14422518,0.0419041032609355,0.04895156,13,1,"[['Tair', 'vpd', 'SWdown', 'SWdown_clearsky', 'IGBP_veg_short']]"
US-Jo2,0.0010776346392175,0.0010650894,0.0328273459057772,0.032635707,0.1932907271410663,0.2026819586753845,0.0350015004801239,0.034002233,0.0156318672729065,0.015175453,16,2,"[['Tair', 'vpd', 'SWdown_clearsky'], ['Tair', 'vpd', 'LWdown', 'SWdown_clearsky']]"
US-KFS,0.0006647617593891,0.0006939698,0.0257829742153443,0.026343307,0.6657277337394036,0.6510406136512756,0.0393685897016148,0.04000989,0.0150668897000656,0.015274956,13,1,"[['vpd', 'SWdown', 'SWdown_clearsky', 'LST_TERRA_Day']]"
US-KLS,0.0008536170974778,0.0008729423,0.0292167263306107,0.029545598,0.6237193377792314,0.6152006387710571,0.0418164489291815,0.04214147,0.0180837779154,0.01821567,13,1,"[['Tair', 'SWdown', 'LWdown', 'SWdown_clearsky', 'LST_TERRA_Day']]"
US-KS1,0.0005668298559648,0.0007660083,0.0238081888425978,0.027676854,0.8824451133600862,0.8411375284194946,0.0207976764228231,0.026696442,0.0122381153436095,0.015937418,16,4,"[['vpd', 'SWdown', 'SWdown_clearsky'], ['vpd', 'SWdown', 'LWdown', 'SWdown_clearsky'], ['vpd', 'SWdown', 'SWdown_clearsky', 'IGBP_veg_short'], ['vpd', 'SWdown', 'LWdown', 'SWdown_clearsky', 'IGBP_veg_short']]"
US-KS2,0.0010714067458391,0.0014387632,0.0327323501423153,0.037931032,0.8919776197157813,0.8549396395683289,0.0298941471532013,0.039154198,0.0193723781749066,0.025097786,14,2,"[['vpd', 'SWdown', 'SWdown_clearsky', 'IGBP_veg_short'], ['vpd', 'SWdown', 'LWdown', 'SWdown_clearsky', 'IGBP_veg_short']]"
US-KS3,0.0002249075182288,0.00022274248,0.0149969169574582,0.01492456,0.6765038919253095,0.6796180009841919,0.0192342909494103,0.018617732,0.0074310651295836,0.0072178,13,1,"[['Tair', 'vpd', 'SWdown_clearsky', 'IGBP_veg_short']]"
US-LWW,0.0027835923673395,0.0036238257,0.0527597608726532,0.06019822,-0.2103841605264178,-0.5757412910461426,0.1000043739709647,0.09432475,0.0374896087803741,0.034983106,15,7,"[['LWdown'], ['IGBP_veg_short'], ['LST_TERRA_Day'], ['LWdown', 'IGBP_veg_short'], ['LWdown', 'LST_TERRA_Day'], ['IGBP_veg_short', 'LST_TERRA_Day'], ['LWdown', 'IGBP_veg_short', 'LST_TERRA_Day']]"
US-Lin,0.0077943900352958,0.008670308,0.0882858427795526,0.09311449,0.4612399594083337,0.4006952047348022,0.1334417085224557,0.13973887,0.0604273423852236,0.06459618,16,4,"[['vpd', 'SWdown_clearsky'], ['vpd', 'LWdown', 'SWdown_clearsky'], ['vpd', 'SWdown_clearsky', 'IGBP_veg_short'], ['vpd', 'LWdown', 'SWdown_clearsky', 'IGBP_veg_short']]"
US-Los,0.0016788179316634,0.0016788179,0.0409733807692689,0.04097338,0.7791283414955948,0.7791283130645752,0.0382279103729765,0.03822791,0.0227929982409886,0.022792999,16,2,"[['Tair', 'vpd', 'SWdown', 'SWdown_clearsky', 'IGBP_veg_short', 'LST_TERRA_Day'], ['Tair', 'vpd', 'SWdown', 'LWdown', 'SWdown_clearsky', 'IGBP_veg_short', 'LST_TERRA_Day']]"
US-MOz,0.0010110215668859,0.0010110216,0.0317965653315881,0.031796563,0.8033183325490736,0.8033183217048645,0.0365020659618954,0.036502067,0.0177704382859361,0.01777044,13,1,"[['Tair', 'vpd', 'SWdown', 'LWdown', 'SWdown_clearsky', 'IGBP_veg_short', 'LST_TERRA_Day']]"
US-Me1,0.0037891221704264,0.0047359527,0.0615558459484265,0.068818256,0.5351974182198247,0.4190520048141479,0.0947076997463167,0.103080556,0.0371418535948826,0.041941084,14,4,"[['SWdown', 'SWdown_clearsky'], ['SWdown', 'LWdown', 'SWdown_clearsky'], ['SWdown', 'SWdown_clearsky', 'IGBP_veg_short'], ['SWdown', 'LWdown', 'SWdown_clearsky', 'IGBP_veg_short']]"
US-Me2,0.0010644482647832,0.0011130788,0.0326258833563667,0.033362836,0.8272564612520834,0.8193644285202026,0.0431671909030542,0.044183165,0.0190962627897255,0.019393446,13,1,"[['Tair', 'vpd', 'SWdown', 'SWdown_clearsky', 'LST_TERRA_Day']]"
US-Me3,0.0016317123452315,0.0016317583,0.0403944593382749,0.04039503,0.7486534096950604,0.7486463189125061,0.0497783754509863,0.04977801,0.0262009586427712,0.026200792,14,2,"[['Tair', 'vpd', 'SWdown', 'SWdown_clearsky', 'LST_TERRA_Day'], ['Tair', 'vpd', 'SWdown', 'LWdown', 'SWdown_clearsky', 'LST_TERRA_Day']]"
US-Me4,0.003956723050849,0.004097819,0.0629024884312938,0.06401421,-0.0841439471579659,-0.1228041648864746,0.1153912649529984,0.117699035,0.0519416373664532,0.052796323,14,2,"[['Tair', 'vpd', 'SWdown', 'LST_TERRA_Day'], ['Tair', 'vpd', 'SWdown', 'LWdown', 'LST_TERRA_Day']]"
US-Me5,0.0036035305163615,0.0036036063,0.060029413759936,0.060030043,0.8480499857341464,0.8480467796325684,0.0990671565478316,0.09906824,0.0389996090421186,0.039000165,14,2,"[['Tair', 'vpd', 'SWdown', 'SWdown_clearsky', 'LST_TERRA_Day'], ['Tair', 'vpd', 'SWdown', 'LWdown', 'SWdown_clearsky', 'LST_TERRA_Day']]"
US-Me6,0.0033432971325075,0.0033641309,0.0578212515646935,0.058001127,0.7252803308033078,0.7235684394836426,0.0919112125425509,0.09246731,0.0390191623072191,0.039261032,13,1,"[['Tair', 'vpd', 'SWdown', 'SWdown_clearsky', 'IGBP_veg_short', 'LST_TERRA_Day']]"
US-Mpj,0.0047807476360949,0.0033807517,0.0691429507332089,0.05814423,-0.1360352972120433,0.196641743183136,0.2371918527687283,0.12973881,0.0588233290898777,0.03508352,13,1,"[['LWdown', 'IGBP_veg_short', 'LST_TERRA_Day']]"
US-Myb,0.0036933076274259,0.0039189025,0.0607725894415065,0.06260114,0.7354395082303076,0.7192796468734741,0.1081274054586155,0.11222431,0.0348659815714597,0.03596917,14,2,"[['Tair', 'vpd', 'SWdown', 'SWdown_clearsky'], ['Tair', 'vpd', 'SWdown', 'LWdown', 'SWdown_clearsky']]"
US-NC1,0.0032580761998389,0.0032580763,0.0570795602631879,0.05707956,0.7626352305176307,0.7626352310180664,0.0661027266426474,0.06610273,0.0371836080876062,0.037183613,13,1,"[['Tair', 'vpd', 'SWdown', 'LWdown', 'SWdown_clearsky', 'IGBP_veg_short', 'LST_TERRA_Day']]"
US-NC4,0.0011080766232816,0.0010863711,0.033287784895989,0.032960143,0.7788684322265886,0.7832000851631165,0.0466985596932745,0.046296787,0.0201200510953891,0.01992468,13,1,"[['Tair', 'SWdown', 'LWdown', 'SWdown_clearsky', 'IGBP_veg_short']]"
US-NR1,0.0018196655267353,0.0018196994,0.0426575377481564,0.042657934,0.9066096271911304,0.9066078662872314,0.0799421623286071,0.0799395,0.0238344306166886,0.023833847,13,1,"[['Tair', 'vpd', 'SWdown', 'LWdown', 'SWdown_clearsky', 'LST_TERRA_Day']]"
US-ONA,0.0004719050368388,0.0004825588,0.0217233753555666,0.021967221,0.8704308919489667,0.8675057291984558,0.026481401192559,0.026791941,0.0120257667921942,0.012114627,13,1,"[['Tair', 'SWdown', 'LWdown', 'SWdown_clearsky', 'IGBP_veg_short']]"
US-OWC,0.0014570938044599,0.0015762439,0.0381718980987312,0.03970194,0.7296947996713525,0.7075912952423096,0.0485609554504134,0.049470827,0.0265907831508062,0.02711465,14,2,"[['Tair', 'SWdown', 'SWdown_clearsky', 'IGBP_veg_short'], ['Tair', 'SWdown', 'LWdown', 'SWdown_clearsky', 'IGBP_veg_short']]"
US-Oho,0.002780331093136,0.0028421278,0.0527288449820021,0.05331161,0.8231804035928969,0.8192503452301025,0.0636228053578264,0.06401137,0.0272659182982022,0.027491,13,1,"[['Tair', 'vpd', 'SWdown', 'SWdown_clearsky', 'LST_TERRA_Day']]"
US-Prr,0.0008085178023617,0.0008189014,0.0284344474601092,0.028616453,0.8121726471821082,0.8097604513168335,0.0474228436221553,0.04826668,0.016545663009014,0.016742537,13,1,"[['Tair', 'vpd', 'SWdown', 'SWdown_clearsky']]"
US-Ro1,0.0027336158281436,0.0027653563,0.0522839920830811,0.052586656,0.619098268232193,0.6146755218505859,0.0920705525170684,0.09077873,0.0207581289881156,0.020607766,13,1,"[['Tair', 'vpd', 'SWdown', 'SWdown_clearsky', 'LST_TERRA_Day']]"
US-Ro4,0.0023507534521848,0.002357912,0.0484845692172767,0.048558336,0.7919622482344314,0.7913287281990051,0.0695570146554765,0.06715124,0.0224205278785678,0.021641338,13,2,"[['vpd', 'SWdown', 'LWdown', 'SWdown_clearsky'], ['vpd', 'SWdown', 'LWdown', 'SWdown_clearsky', 'IGBP_veg_short']]"
US-Ro5,0.0039658101173809,0.004372267,0.0629746783825131,0.06612312,0.7356116903787628,0.7085144519805908,0.1481178232027803,0.15510194,0.0264287549102251,0.027624967,13,1,"[['Tair', 'vpd', 'SWdown', 'LWdown', 'SWdown_clearsky']]"
US-Ro6,0.0029456511387848,0.003164516,0.054273853177979,0.056254033,0.5405913309107073,0.506456732749939,0.1258268636182342,0.11392242,0.0284335188143134,0.027143078,13,1,"[['vpd', 'SWdown', 'SWdown_clearsky', 'IGBP_veg_short']]"
US-SRC,0.000815020192821,0.0009087279,0.0285485585068847,0.030145114,0.3796729460207757,0.3083503246307373,0.0473087786280377,0.04966541,0.0169222067671233,0.017680148,13,1,"[['vpd', 'SWdown', 'LWdown', 'SWdown_clearsky', 'IGBP_veg_short', 'LST_TERRA_Day']]"
US-SRG,0.0014210946097137,0.0015878866,0.037697408527825,0.039848294,0.7011913774113497,0.6661205887794495,0.0488460313544084,0.050743125,0.0194387267742935,0.020024395,13,1,"[['Tair', 'vpd', 'SWdown', 'SWdown_clearsky', 'IGBP_veg_short']]"
US-SRM,0.0008573519861004,0.0009327437,0.0292805735275191,0.030540854,0.6655632317253124,0.6361543536186218,0.0471218605480017,0.047085397,0.0159071599401908,0.015936429,13,1,"[['Tair', 'vpd', 'LWdown', 'SWdown_clearsky', 'LST_TERRA_Day']]"
US-Seg,0.0013884963556665,0.0014490375,0.0372625328670309,0.038066223,0.4557633835974876,0.4320335984230041,0.0690294415176739,0.07139184,0.0202011654662811,0.02076078,13,1,"[['Tair', 'vpd', 'SWdown', 'IGBP_veg_short', 'LST_TERRA_Day']]"
US-Ses,0.0014468303325742,0.0015001178,0.0380372229871512,0.038731355,0.3417759468517195,0.3175331950187683,0.05368905501018,0.05416287,0.0220772813518037,0.022320248,13,1,"[['Tair', 'vpd', 'SWdown', 'SWdown_clearsky', 'IGBP_veg_short']]"
US-Sne,0.0016413886209302,0.0020130342,0.0405140546098537,0.04486685,0.6317229573800693,0.5483371615409851,0.0659957658898677,0.070537165,0.026189671283131,0.028159047,14,2,"[['SWdown', 'LWdown'], ['SWdown', 'LWdown', 'IGBP_veg_short']]"
US-Snf,0.0063231056583151,0.006323105,0.0795179580869323,0.07951795,0.7885713819584281,0.7885713577270508,0.0792425160647127,0.07924252,0.0508839400294168,0.05088394,14,2,"[['Tair', 'vpd', 'SWdown', 'LWdown', 'SWdown_clearsky', 'IGBP_veg_short'], ['Tair', 'vpd', 'SWdown', 'LWdown', 'SWdown_clearsky', 'IGBP_veg_short', 'LST_TERRA_Day']]"
US-Syv,0.0034486957627646,0.0034487648,0.0587255971682251,0.058726184,0.8211144730225038,0.8211108446121216,0.110140704913333,0.11013831,0.0359775359765402,0.035976645,13,1,"[['Tair', 'vpd', 'SWdown', 'LWdown', 'SWdown_clearsky', 'LST_TERRA_Day']]"
US-Ton,0.0005394952666482,0.0005399883,0.0232270374057521,0.023237647,0.5159590540300091,0.5155167579650879,0.0300444207138028,0.030059775,0.013462383938913,0.0134691885,14,2,"[['Tair', 'vpd', 'SWdown', 'SWdown_clearsky', 'LST_TERRA_Day'], ['Tair', 'vpd', 'SWdown', 'LWdown', 'SWdown_clearsky', 'LST_TERRA_Day']]"
US-Tw3,0.0054337038358463,0.0054804175,0.0737136611208965,0.07402984,0.5065139908931635,0.5022715330123901,0.1032536151696719,0.10175203,0.0425287936260097,0.04204935,13,1,"[['Tair', 'vpd', 'LWdown', 'SWdown_clearsky', 'IGBP_veg_short']]"
US-Tw4,0.0045022386421201,0.0062525165,0.0670987231035,0.079072855,0.6051297735189742,0.4516211748123169,0.1154248485591193,0.12477519,0.0390374626051248,0.043986704,13,2,"[['SWdown', 'SWdown_clearsky'], ['SWdown', 'SWdown_clearsky', 'IGBP_veg_short']]"
US-Twt,0.0036000594406587,0.0037392052,0.0600004953367785,0.061149042,0.7517400598085338,0.7421445846557617,0.0917199226712396,0.0943436,0.0308160479541935,0.03124337,14,2,"[['Tair', 'vpd', 'SWdown', 'SWdown_clearsky', 'IGBP_veg_short'], ['Tair', 'vpd', 'SWdown', 'LWdown', 'SWdown_clearsky', 'IGBP_veg_short']]"
US-Var,0.0007411694750895,0.00074530847,0.0272244279111522,0.027300337,0.6589794839755464,0.657075047492981,0.028206941309324,0.028250365,0.0141428288926729,0.014189141,13,1,"[['Tair', 'vpd', 'SWdown', 'SWdown_clearsky', 'LST_TERRA_Day']]"
US-WCr,0.0016679278262429,0.0017074482,0.0408402721127438,0.04132128,0.7871558318387715,0.7821126580238342,0.0363083981736252,0.036725912,0.0206147131908283,0.020919174,14,1,"[['Tair', 'vpd', 'SWdown', 'SWdown_clearsky', 'IGBP_veg_short', 'LST_TERRA_Day']]"
US-WPT,0.0013510875147705,0.0014593384,0.0367571423640432,0.038201287,0.7970881095550193,0.7808305621147156,0.0505512962403647,0.05178813,0.0221867011384951,0.022888664,13,1,"[['Tair', 'SWdown', 'SWdown_clearsky', 'IGBP_veg_short', 'LST_TERRA_Day']]"
US-Whs,0.0009593247179635,0.0011377683,0.0309729675356357,0.03373082,0.2230186694620023,0.0784928798675537,0.0403997958802211,0.043552298,0.0188223692442691,0.02037552,14,1,"[['vpd', 'SWdown_clearsky', 'IGBP_veg_short', 'LST_TERRA_Day']]"
US-Wi0,3.372192640988089e-05,4.225243e-05,0.0058070583267159,0.006500187,0.1691144756099913,-0.0410714149475097,0.0156004176496203,0.01696558,0.0043355210783701,0.0047085364,16,4,"[['Tair', 'vpd', 'SWdown', 'SWdown_clearsky'], ['Tair', 'vpd', 'SWdown', 'LWdown', 'SWdown_clearsky'], ['Tair', 'vpd', 'SWdown', 'SWdown_clearsky', 'IGBP_veg_short'], ['Tair', 'vpd', 'SWdown', 'LWdown', 'SWdown_clearsky', 'IGBP_veg_short']]"
US-Wi1,0.0014039128490263,0.0022992305,0.0374688250286337,0.047950294,-3.661468028885548,-6.634226322174072,0.0997353257814502,0.1252982,0.0287861988278344,0.035782646,13,4,"[['Tair', 'LST_TERRA_Day'], ['Tair', 'LWdown', 'LST_TERRA_Day'], ['Tair', 'IGBP_veg_short', 'LST_TERRA_Day'], ['Tair', 'LWdown', 'IGBP_veg_short', 'LST_TERRA_Day']]"
US-Wi2,0.0001477018425623,0.0008963725,0.0121532646874153,0.02993948,-0.4930395098577582,-8.060953140258789,0.0213165511755169,0.05429491,0.0083812906050387,0.021653667,14,2,"[['vpd', 'IGBP_veg_short'], ['vpd', 'LWdown', 'IGBP_veg_short']]"
US-Wi3,0.0018658385438796,0.0021098098,0.0431953532672164,0.045932665,0.7639098709496053,0.7330394983291626,0.0619768097384367,0.06833921,0.0239666153856661,0.026655328,14,2,"[['Tair', 'SWdown', 'SWdown_clearsky'], ['Tair', 'SWdown', 'LWdown', 'SWdown_clearsky']]"
US-Wi4,0.0019553291363177,0.0019981184,0.0442191037484677,0.044700317,0.7614806572323153,0.7562610507011414,0.0502023446053794,0.05221258,0.0261116838497332,0.02697149,14,2,"[['SWdown', 'SWdown_clearsky', 'IGBP_veg_short'], ['SWdown', 'LWdown', 'SWdown_clearsky', 'IGBP_veg_short']]"
US-Wi5,9.54406539706114e-05,0.00018162181,0.0097693732639617,0.013476714,-0.1121906682262123,-1.116478443145752,0.0150838661168308,0.020164235,0.0056326929753181,0.007588631,16,4,"[['SWdown_clearsky', 'LST_TERRA_Day'], ['LWdown', 'SWdown_clearsky', 'LST_TERRA_Day'], ['SWdown_clearsky', 'IGBP_veg_short', 'LST_TERRA_Day'], ['LWdown', 'SWdown_clearsky', 'IGBP_veg_short', 'LST_TERRA_Day']]"
US-Wi6,0.0009991241728272,0.0009783879,0.03160892552472,0.03127919,-0.2181669636787571,-0.1928845643997192,0.04021838309186,0.039331816,0.0161921957974755,0.015908925,13,4,"[['SWdown_clearsky'], ['LWdown', 'SWdown_clearsky'], ['SWdown_clearsky', 'IGBP_veg_short'], ['LWdown', 'SWdown_clearsky', 'IGBP_veg_short']]"
US-Wi7,0.0010603445053438,0.0026747081,0.0325629314611551,0.05171758,0.1491241909135855,-1.1463253498077393,0.0351771186759531,0.077122554,0.0164340509650179,0.03746789,16,4,"[['SWdown_clearsky', 'LST_TERRA_Day'], ['LWdown', 'SWdown_clearsky', 'LST_TERRA_Day'], ['SWdown_clearsky', 'IGBP_veg_short', 'LST_TERRA_Day'], ['LWdown', 'SWdown_clearsky', 'IGBP_veg_short', 'LST_TERRA_Day']]"
US-Wi8,0.0009933127957276,0.0014042511,0.0315168652585819,0.03747334,-0.2166684863388839,-0.7200100421905518,0.0444362661857481,0.05446323,0.0167977685525425,0.021243088,16,4,"[['Tair'], ['Tair', 'LWdown'], ['Tair', 'IGBP_veg_short'], ['Tair', 'LWdown', 'IGBP_veg_short']]"
US-Wi9,0.0024026330396962,0.0030132139,0.0490166608378849,0.05489275,0.446588051294126,0.3059494495391845,0.0686060527295257,0.075947806,0.0331793301753966,0.036429137,14,2,"[['vpd', 'SWdown', 'IGBP_veg_short'], ['vpd', 'SWdown', 'LWdown', 'IGBP_veg_short']]"
US-Wjs,0.0012472370886878,0.0012474526,0.0353162439776349,0.035319295,0.6830519026889436,0.6829971075057983,0.0524250582400382,0.052430484,0.0197865518442997,0.019789796,13,1,"[['Tair', 'vpd', 'SWdown', 'LWdown', 'SWdown_clearsky', 'LST_TERRA_Day']]"
US-Wkg,0.0019147219221402,0.0019347806,0.043757535604056,0.04398614,0.5609028719831755,0.5563029050827026,0.0462894998331729,0.04700517,0.0232574722646077,0.023495605,13,1,"[['Tair', 'vpd', 'SWdown', 'SWdown_clearsky', 'IGBP_veg_short', 'LST_TERRA_Day']]"
US-xAE,0.0036709944896231,0.0051636575,0.0605887323652111,0.07185859,0.647068522297258,0.5035630464553833,0.0737811504652653,0.091521844,0.0299251076515002,0.036221042,13,2,"[['vpd', 'SWdown_clearsky', 'LST_TERRA_Day'], ['vpd', 'SWdown_clearsky', 'IGBP_veg_short', 'LST_TERRA_Day']]"
US-xBR,0.0010697226659299,0.0010717545,0.0327066150179126,0.03273766,0.8326797905567006,0.8323619961738586,0.0358369861893287,0.035892233,0.0191847644237556,0.019222632,13,1,"[['Tair', 'vpd', 'SWdown', 'SWdown_clearsky', 'LST_TERRA_Day']]"
US-xCL,0.0003938416560041,0.00039384165,0.0198454442128203,0.019845445,0.7875847172375058,0.7875847220420837,0.0300787729137428,0.030078772,0.0109056041086985,0.010905603,13,1,"[['Tair', 'vpd', 'SWdown', 'LWdown', 'SWdown_clearsky', 'IGBP_veg_short', 'LST_TERRA_Day']]"
US-xCP,0.0011280834749761,0.0011322025,0.033586953940126,0.033648215,0.5390245270998498,0.5373413562774658,0.0807137349866802,0.08003413,0.0174615338491334,0.017236603,13,1,"[['vpd', 'SWdown', 'LWdown', 'SWdown_clearsky', 'IGBP_veg_short', 'LST_TERRA_Day']]"
US-xDC,0.0013629528753928,0.0013894596,0.0369181916593009,0.037275456,0.4308712530825989,0.4198028445243835,0.0453777015052736,0.045535482,0.0200908794162478,0.020275744,13,1,"[['vpd', 'SWdown', 'LWdown', 'SWdown_clearsky', 'LST_TERRA_Day']]"
US-xDL,0.0017054564837927,0.0017206182,0.0412971728305072,0.041480336,0.8666579279759489,0.8654724955558777,0.0509183730302596,0.050502695,0.0257615427397407,0.02561892,13,1,"[['vpd', 'SWdown', 'LWdown', 'SWdown_clearsky', 'IGBP_veg_short', 'LST_TERRA_Day']]"
US-xDS,0.001067986103462,0.0011195452,0.0326800566624665,0.033459604,0.9105959147931416,0.9062797427177428,0.03410947330493,0.03486748,0.0190465261421739,0.019571045,13,1,"[['Tair', 'vpd', 'SWdown', 'SWdown_clearsky', 'LST_TERRA_Day']]"
US-xGR,0.0038916254198783,0.003939295,0.0623828936478448,0.0627638,0.8381670170336585,0.8361846208572388,0.107175824357495,0.10784197,0.0370440951908572,0.037207015,13,1,"[['Tair', 'vpd', 'SWdown', 'SWdown_clearsky', 'LST_TERRA_Day']]"
US-xHA,0.0019187104217372,0.0019116937,0.0438030868973551,0.04372292,0.8597096489785818,0.8602226972579956,0.0528703715543548,0.053518023,0.025315666758438,0.025582591,14,1,"[['Tair', 'vpd', 'SWdown', 'LWdown', 'SWdown_clearsky', 'IGBP_veg_short']]"
US-xHE,0.0004513754586396,0.00045013698,0.0212455985709891,0.021216432,0.881937986636196,0.8822619318962097,0.0358446814615689,0.03655589,0.0112114973789415,0.011329044,13,1,"[['Tair', 'vpd', 'SWdown', 'LWdown', 'SWdown_clearsky', 'IGBP_veg_short']]"
US-xJE,0.0016791698192802,0.0016820922,0.0409776746446195,0.04101332,0.8109829367951199,0.8106539845466614,0.0749795885089627,0.07509007,0.025145513977575,0.025210463,13,1,"[['Tair', 'vpd', 'SWdown', 'SWdown_clearsky', 'LST_TERRA_Day']]"
US-xKA,0.002338007789541,0.0027568275,0.0483529501637807,0.0525055,0.4245326551911426,0.3214461803436279,0.0525887811936394,0.056759898,0.0256379138423387,0.027392741,13,2,"[['SWdown_clearsky'], ['SWdown_clearsky', 'IGBP_veg_short']]"
US-xKZ,0.0015251191643271,0.001957404,0.039052774092593,0.044242557,0.7950833677164557,0.7370011806488037,0.0524743951224605,0.055988885,0.0208814334006368,0.02298443,13,1,"[['SWdown', 'LWdown', 'SWdown_clearsky', 'IGBP_veg_short']]"
US-xMB,0.0006226139149995,0.00081527705,0.0249522326656263,0.028553057,0.2253324535955801,-0.0143824815750122,0.0366054410072008,0.04558424,0.0148364572234669,0.018497517,13,2,"[['vpd', 'SWdown_clearsky'], ['vpd', 'SWdown_clearsky', 'IGBP_veg_short']]"
US-xML,0.0006376127061876,0.00075762323,0.0252509941623615,0.027524957,0.195350937723315,0.0439011454582214,0.0236631516009465,0.023597838,0.0125378817402287,0.012592448,13,1,"[['SWdown', 'LWdown', 'SWdown_clearsky']]"
US-xNG,0.0011136176225152,0.0011966078,0.0333709098245043,0.03459202,0.1700225247237838,0.1081700325012207,0.0532577070075595,0.05795281,0.0178494682820073,0.019218594,13,1,"[['Tair', 'vpd', 'SWdown', 'SWdown_clearsky']]"
US-xNQ,0.0011326626357345,0.0016442181,0.0336550536433173,0.040548958,0.3853097623751332,0.1076912283897399,0.0409726531515786,0.04907863,0.0207005393574647,0.024993243,13,1,"[['Tair', 'SWdown', 'IGBP_veg_short']]"
US-xRM,0.0016671164353565,0.001668089,0.0408303371937649,0.040842246,0.760241301802404,0.7601014375686646,0.0675529271260923,0.067571886,0.0230023176281243,0.02301064,13,1,"[['Tair', 'vpd', 'SWdown', 'LWdown', 'SWdown_clearsky', 'LST_TERRA_Day']]"
US-xSB,0.0005907469051308,0.0006105767,0.0243052855389689,0.02470985,0.9136088223367184,0.9107089042663574,0.0318819140410204,0.03179937,0.0142651469499435,0.014325275,14,1,"[['vpd', 'SWdown', 'LWdown', 'SWdown_clearsky', 'LST_TERRA_Day']]"
US-xSE,0.0011674180985762,0.0012847419,0.0341675006193938,0.035843298,0.8249488649353198,0.8073564767837524,0.0515575429061659,0.052513883,0.0201748406528064,0.020874599,13,1,"[['Tair', 'vpd', 'SWdown', 'LWdown', 'SWdown_clearsky']]"
US-xSR,0.0011289141058423,0.0011942791,0.0335993170442846,0.034558345,0.2874342418259908,0.2461762428283691,0.0161180077074324,0.016423017,0.0148083456679696,0.015092134,13,1,"[['SWdown', 'SWdown_clearsky', 'IGBP_veg_short', 'LST_TERRA_Day']]"
US-xST,0.0031362753798831,0.0031402267,0.0560024586949817,0.056037724,0.8110044084166281,0.8107662796974182,0.0950812581753779,0.095682435,0.0289811413868101,0.028995097,13,1,"[['Tair', 'vpd', 'SWdown', 'SWdown_clearsky', 'LST_TERRA_Day']]"
US-xTA,0.0006155655128648,0.0006192303,0.0248105927552099,0.02488434,0.8681926238290602,0.8674079179763794,0.0436866660685768,0.043703537,0.0153729324630588,0.015350239,13,1,"[['Tair', 'vpd', 'SWdown', 'SWdown_clearsky', 'LST_TERRA_Day']]"
US-xTR,0.0019229203253536,0.0020367152,0.0438511154402446,0.04512998,0.8111399594019156,0.7999635934829712,0.048668044324533,0.049853,0.0240302087228705,0.024687836,13,1,"[['Tair', 'SWdown', 'LWdown', 'SWdown_clearsky', 'LST_TERRA_Day']]"
US-xUK,0.0008311859784876,0.000923541,0.0288302961914663,0.030389817,0.8608917998895584,0.8454351425170898,0.0383193178713918,0.040098015,0.0172419143079465,0.01814597,13,1,"[['Tair', 'SWdown', 'SWdown_clearsky', 'LST_TERRA_Day']]"
US-xUN,0.0021759378979017,0.0022740008,0.0466469495026389,0.047686484,0.7859827038355676,0.7763376235961914,0.0723496976240862,0.07325764,0.0234439252266376,0.023678133,13,2,"[['Tair', 'vpd', 'SWdown', 'SWdown_clearsky', 'LST_TERRA_Day'], ['Tair', 'vpd', 'SWdown', 'SWdown_clearsky', 'IGBP_veg_short', 'LST_TERRA_Day']]"
US-xYE,0.0012559729731738,0.0015268829,0.0354397089882783,0.03907535,0.6419140935208321,0.5646759271621704,0.0421057086457876,0.04417113,0.0186113666764163,0.01953044,14,1,"[['Tair', 'vpd', 'SWdown', 'LWdown', 'SWdown_clearsky']]"
ZM-Mon,0.0013090449915876,0.0014913132,0.0361807267973942,0.038617525,0.8367871061740371,0.8140617609024048,0.0472376148669324,0.049583383,0.0240800897735372,0.025159633,13,1,"[['Tair', 'vpd', 'SWdown', 'SWdown_clearsky', 'IGBP_veg_short']]"
