site,mse,r2,relative_error,mae,rmse
AR-SLu,0.0015268760056620576,0.9611952331047098,0.49500192517326347,0.024257112545249107,0.03907526078815159
AT-Neu,0.0012544718833741074,0.8967270643680851,1.6576564684950525,0.0217041741239281,0.035418524579294765
AU-ASM,0.0004653249225177453,0.9371014110626454,1.018848764127529,0.012951649443035574,0.0215713912976828
AU-Cpr,0.0006683044310436578,0.84574151588874,1.2999426803260805,0.01596367920594202,0.025851584691149163
AU-Cum,0.0006112271993969336,0.7074194229957373,1.7573948429046602,0.013309817460941105,0.02472300951334472
AU-DaP,0.0005241917131449239,0.9399050016786573,0.7356774915474441,0.013205240795385995,0.02289523341538417
AU-DaS,0.00038190721302326576,0.864968679112818,1.4381293662480767,0.011651694231131094,0.019542446444170334
AU-Dry,0.0006679422351403855,0.9131130603447484,2.1979207038604702,0.015442042680169991,0.025844578447720628
AU-Emr,0.001154889246392719,0.7309414629060915,1.5708904182101788,0.019174964526736595,0.03398366146242513
AU-GWW,0.0022373941482504685,0.7999442755391042,3.7826697965990443,0.030317785144245962,0.04730110092006811
AU-Gin,0.0018202890940827244,0.92548883988639,1.0533000675094844,0.026207061322789858,0.04266484611577457
AU-How,0.0005006854202516433,0.8771567254744521,1.1391297611522564,0.012435526889997788,0.02237600098881932
AU-Lox,0.0008895184370877825,0.9742698364748932,0.2814174411005212,0.017794933547421978,0.029824795675541225
AU-RDF,0.0015759330165207933,0.8845337756351757,1.123854765561891,0.024293126597487353,0.039698022828861305
AU-Rig,0.0006987628714586572,0.9522777828255845,0.6695494652793723,0.016740086412997995,0.026434123239832585
AU-Rob,0.00265840295289875,0.8443662657984861,0.7535642725878438,0.029991682983996987,0.05155970280072171
AU-Stp,0.0005961795423893942,0.8797619401493084,2.413106226133794,0.013843445114518644,0.024416788125988114
AU-TTE,0.0004096525836565831,0.8453477334544934,3.1135945468694666,0.01180582335927722,0.02023987607809354
AU-Wac,0.0025891682692502503,0.4803742055928595,1.998988631149499,0.02694402780722811,0.050883870423251515
AU-Whr,0.000592538070987185,0.9105932251997305,0.5598355265487276,0.014527982013866465,0.024342104900504907
AU-Wom,0.001456432769158302,0.9457993065543667,0.706536934286158,0.02477670534743018,0.03816323845218461
AU-Ync,0.0012491771086327256,0.7566828766830205,2.012917936436548,0.021095999511114297,0.0353436997021071
BE-Bra,0.0006016577638882307,0.7860628757353126,1.971462094701815,0.013549464709470653,0.02452871304997942
BE-Dor,0.0008289951505779382,0.9462060489186842,0.6493095500659828,0.017791800066502425,0.028792275883957805
BE-Lcr,0.0008088491340310274,0.9150523586066031,0.6305501731980512,0.016344867237860727,0.02844027310050006
BE-Lon,0.0024903500440324423,0.8217749940195677,1.695399129315774,0.024698019725192217,0.04990340713851552
BE-Maa,0.0005730764352537061,0.9157456326197153,1.3980823628489603,0.014578391650271819,0.023939014918197995
BE-Vie,0.0009851665185724326,0.9164321943973437,0.8002976513061855,0.01889516593660122,0.031387362402285936
BR-Npw,0.0016847289427603487,0.7042897392517748,1.118617473706493,0.021513333538392,0.04104544972052747
BR-Sa3,0.004549379198442428,0.7968453059186956,1.2736410849499151,0.043361690494297354,0.06744908597188273
CA-ARB,0.0007430212314267914,0.9339919022454155,1.6698752341598773,0.015366758381607804,0.02725841579084873
CA-ARF,0.0009727907968326201,0.945084066479087,0.7889638526189995,0.01846079327392881,0.031189594367875644
CA-DB2,0.00033651089258510976,0.6217631329112092,3.419782943634517,0.0074852559694335566,0.018344233224234525
CA-DBB,7.09651769838826e-05,0.5349709029950094,1.4612707373941205,0.00389393142714606,0.008424083153903611
CA-Gro,0.0006010602158442619,0.9122547500555768,0.80273538914455,0.013391869487076814,0.024516529441261908
CA-LP1,0.0004079132811600468,0.8069865584395663,1.5056091303674206,0.01088429147870979,0.020196863151490798
CA-NS1,0.0007401099946216826,0.9359225193557107,0.6105604939105116,0.01706812872867458,0.02720496268370318
CA-NS2,0.0005986378155970884,0.9352965606613477,0.6994866385954381,0.014456700689464788,0.024467076155460187
CA-NS3,0.0006940993467959263,0.934732896096848,1.103550966730431,0.014863751203912982,0.026345765253564496
CA-NS4,0.00042327928772759705,0.9358570750175584,0.5249591457179588,0.010759487421413774,0.02057375239783927
CA-NS5,0.0006128215547214541,0.9602198058154696,0.4925715646278315,0.014065502211663656,0.024755232875524603
CA-NS6,0.0005250113697613253,0.9547114300254506,0.5354401016041788,0.012465712687288943,0.022913126581968802
CA-NS7,0.0005312698608416986,0.934676229158306,0.65716230747351,0.012480542209799763,0.023049291981353758
CA-Oas,0.0006439252002635959,0.9537346662766205,0.442443073183276,0.012907020336036367,0.025375681276836606
CA-Obs,0.0007012634301345712,0.9559723728807346,0.5133731627163272,0.01451604348976673,0.026481378931894225
CA-Qfo,0.0003987779080700573,0.927627528395445,0.8751022032377166,0.011535317304913308,0.019969424329961474
CA-SF1,0.0013408366677833989,0.8838554306848118,2.8636880865266554,0.02087050656339066,0.03661743666319912
CA-SF2,0.0013977484831404355,0.885038063116842,1.911285631645257,0.02343999422374454,0.037386474601658226
CA-SF3,0.0011647895646789627,0.6986763879309783,1.1950456119935542,0.01776888484405607,0.03412901353216882
CA-TP1,0.0009855699456795682,0.8913109010798561,1.2907219224237823,0.01726398006676086,0.03139378832953373
CA-TP4,0.000721007236018832,0.909217518100722,0.6948357452970718,0.015906389252054873,0.026851577905568826
CA-TPD,0.0009535937588588391,0.9225764696333671,1.700285341654018,0.018071117431667925,0.03088031345143438
CH-Aws,0.0013104377781321494,0.8333301917560464,1.6992326270737563,0.019001735685609304,0.036199969311204526
CH-Cha,0.0015432441076017069,0.8387245054212737,1.6057797469937443,0.023560850791209127,0.03928414575374787
CH-Dav,0.0005033324102964981,0.7188012889942241,1.6738974174764867,0.01294415648739008,0.022435070989334935
CH-Fru,0.000998635774600178,0.8774404165804329,1.2836670485030823,0.018000384388066396,0.03160119894244802
CH-Lae,0.0023310299525908006,0.5481061197378188,22.717181927276414,0.027197711260978044,0.048280741011202395
CH-Oe1,0.0016402337096730617,0.9176721869660304,0.8100475095522479,0.023010747504255993,0.04049979888435326
CH-Oe2,0.0009345389294263396,0.7981259705951904,2.1878902588338223,0.017226088697777933,0.030570229463095948
CN-Cha,0.0010273722579862898,0.9402353580563934,0.7343278558272124,0.018065518581785064,0.032052648221110994
CN-Cng,0.00048148846088575493,0.9309401516309392,0.8524426672302493,0.01145901463547669,0.02194284532337944
CN-Dan,0.0007722140012914737,0.9243729724011888,2.044668585896008,0.015307896364545652,0.02778873874956317
CN-Din,0.002123150398394369,0.9121300921898167,0.5402952607466353,0.027317302888623246,0.046077656172969224
CN-Du2,0.0007068266454360341,0.9003384438865387,1.1436323554715544,0.014225332732214834,0.02658621156607376
CN-Du3,0.009184481177652071,0.5597520992832868,11.188877118001296,0.03791026057204536,0.09583569886869961
CN-Ha2,0.0005742630020894849,0.968705163979152,1.484757825110347,0.013148818550841664,0.02396378522040049
CN-HaM,0.0014031011629248554,0.8951775649989396,1.1931634467758034,0.020697626510188034,0.03745799197667776
CN-Qia,0.001392219061533416,0.9040092960583471,0.7276829070904606,0.021717857165073396,0.03731245182956242
CN-Sw2,0.0019353828247833055,0.6560565520389406,2.335461873279894,0.027104799874954857,0.0439929860862309
CZ-BK1,0.0007296332481984988,0.915739668245047,1.2792195665427946,0.015555115080759447,0.027011724272961526
CZ-BK2,0.0012332870157064268,0.9438163068181281,0.7804830090743661,0.01976518456197593,0.03511818639546221
CZ-KrP,0.0003658289451181231,0.9217281462790708,1.6393457928218225,0.009919427683613678,0.019126655356285455
CZ-Lnz,0.0005206993994762289,0.9540103285775816,0.6904909951329677,0.012778088497338018,0.02281883869692384
CZ-RAJ,0.0010495218082372368,0.9406541287933605,2.8236241989707542,0.019607816127248878,0.03239632399265751
CZ-Stn,0.0006331624535681311,0.9298223185947392,0.8063803866337036,0.014799356949347196,0.02516271951852842
CZ-wet,0.0005095436309875392,0.9348012939801168,0.6346366774118118,0.012765589126696461,0.02257307314008306
DE-Geb,0.0007058408869347055,0.871597170540237,1.3514156518025444,0.013106644005492113,0.026567666192850014
DE-Gri,0.0007621292529080222,0.8936068699536804,1.519459621100725,0.015094754254082944,0.027606688553827353
DE-Hai,0.0008847191174586427,0.9364409896038254,0.540445411351441,0.01608290493093918,0.029744228304977804
DE-HoH,0.0008343924690278097,0.9265163990754911,0.7526055424636864,0.017097032522561128,0.02888585240265223
DE-Hte,0.0005115171892663685,0.8484940729567806,0.9045310233318303,0.011200071120407244,0.02261674577091869
DE-Hzd,0.00069794577014366,0.8828496835734535,1.7432349077691838,0.015492663096936397,0.026418663292143683
DE-Kli,0.0007545764150459079,0.9030975790256158,1.5012352642991151,0.014355461662781677,0.02746955432921888
DE-Lkb,0.0011050880832920238,0.9304563519999356,0.823974675779501,0.021128001179783147,0.033242865148660455
DE-Lnf,0.0010032823557318484,0.9546209723460597,0.3669819482758284,0.017889284073805498,0.031674632685034385
DE-Obe,0.0010015656704813216,0.9341434130709532,0.7256247835588566,0.019998914399825398,0.03164752234348404
DE-RuR,0.0006259455153451821,0.9181827128023053,0.8706277658455994,0.014043990171522141,0.025018903160314247
DE-RuS,0.0017952759960196928,0.857950091611249,1.1363430885484114,0.022410733868428977,0.04237069737471515
DE-RuW,0.0007703386513140279,0.8096579830562006,1.3100769448876348,0.015940816542754397,0.027754975253349225
DE-Seh,0.0011964967417578947,0.940556612025557,0.8290113122206147,0.018550863176711507,0.0345904140154161
DE-SfN,0.0020594900569134624,0.7701594238526546,1.2173449946187398,0.02468194981706242,0.04538160482963843
DE-Tha,0.0009888842329250937,0.9181836881222705,1.0398584284876278,0.018624881017349125,0.03144652974375859
DK-Fou,0.00035313069944463915,0.9678170266580606,0.3152353739121613,0.010851786866337868,0.01879177212092141
DK-Gds,0.0011901604731894418,0.7758855405846352,1.9405297457729764,0.016473119879860963,0.034498702485592725
DK-Skj,0.0010584922670219086,0.8468346728353469,0.9601465781827349,0.015033560225443778,0.03253447812739446
DK-Sor,0.000494677214332278,0.9387532055982495,1.1286896165019038,0.01330111299909154,0.02224134020989468
DK-Vng,0.00026175314315033776,0.9824721989177718,1.4492692794695414,0.008843458461782541,0.016178786825665814
ES-Abr,0.0005744789243956845,0.9463778758958832,0.7170608835893048,0.014525447587997585,0.023968289976460243
ES-Agu,0.0011066057823948866,0.6885767193979988,1.7518894774235696,0.019445859093922484,0.03326568475764307
ES-Amo,0.0021235053533659952,0.730645231387415,4.488226537678956,0.028932236853052327,0.04608150771585057
ES-LJu,0.0012840638589144437,0.7210174714916963,2.387608101455498,0.021164060384398203,0.03583383678751752
ES-LM1,0.0007206302352999883,0.9335449136598303,2.4594399551659203,0.01710526073112295,0.026844556902656976
ES-LM2,0.0007719622369613827,0.9369230792838037,0.9729046180324472,0.017700833164707403,0.02778420840983926
ES-LgS,0.0016858761451288616,0.8972616237395648,0.9917313687454546,0.025961565630157946,0.04105942212365953
FI-Hyy,0.0007059722348152658,0.9544594537273233,0.5396994033516744,0.015634744397705118,0.026570138027779716
FI-Ken,0.0006188324717591579,0.9628953746946699,0.3392043866102626,0.01481077617636276,0.02487634361716283
FI-Let,0.000445282110129003,0.9246068414050772,1.1598803593113582,0.011841370353456183,0.021101708701643167
FI-Lom,0.00036899683738965487,0.9777547231329664,0.47346289243064105,0.010383179097759633,0.019209290392662996
FI-Qvd,0.0008747722674548274,0.9649787347352347,0.7455404151247553,0.017472678596177234,0.02957654928241
FI-Sii,0.0005267566441618574,0.9682982009090841,1.1402238675828273,0.013095471100370662,0.022951179581055466
FI-Sod,0.0005924273187232541,0.9214906567434733,0.854982820814335,0.013777346511779979,0.024339829882791993
FI-Var,0.000623049114653529,0.8790143925448233,1.4534152584301392,0.012283906039778383,0.024960951797828725
FR-Aur,0.0005641021684708984,0.8627412260905645,1.3192825271840247,0.012510015012529315,0.023750835111020798
FR-Bil,0.0010476863453623294,0.9112233492719444,0.9472884829676754,0.01941286679777458,0.03236798333789625
FR-EM2,0.0009090868311465623,0.9131965134778385,0.9757335220803736,0.016786528797158067,0.030151066832643954
FR-FBn,0.0010296061933608466,0.9249762902522367,0.9949934385711624,0.02086924307400124,0.03208747720467981
FR-Fon,0.0014674147152777674,0.8344478309201729,1.3425202130017775,0.021592758771103397,0.0383068494564323
FR-Gri,0.001604041491988723,0.8383878072266139,1.4513518930052731,0.02028026150779299,0.040050486788411485
FR-Hes,0.001066863523699737,0.9070002580697033,1.0580746725837205,0.019343992492951628,0.0326628768435932
FR-LBr,0.0013410780703780557,0.88803582308131,1.0230474524211186,0.022896246768954173,0.03662073279411617
FR-LGt,0.0004499746700617455,0.934550992314537,0.7422908167702046,0.012588152873438258,0.02121260639482441
FR-Lam,0.0010339256083861472,0.831136182268758,1.6524773133591537,0.01693949004308859,0.03215471362625
FR-Mej,0.0006149359188221871,0.9351401950230911,0.6758391508177319,0.014583358495594402,0.02479790150037271
FR-Pue,0.0021460461694237645,0.8903821619029277,1.4643740308608373,0.028532238348237014,0.0463254376063925
FR-Tou,0.0006363106921693424,0.9441260687055082,1.071317800405294,0.016479412233667553,0.02522519954667044
GF-Guy,0.002546402755684113,0.8219184361378815,1.4707550255237012,0.031324796245698235,0.050461894095288506
GH-Ank,0.0018011962301367676,0.8225112222108649,2.1972791782346897,0.024339893561675294,0.04244050223709384
GL-NuF,0.0006678930589457168,0.9410354240921888,0.973923989996685,0.015808346284620363,0.0258436270470249
GL-ZaF,0.0009974836575706678,0.9670837266344253,0.8139941391802218,0.019676024333675348,0.031582964673549374
GL-ZaH,0.0016613879974900737,0.8859712367725123,2.173686265191256,0.026776596653894653,0.04076012754506631
IL-Yat,0.0010148904118470914,0.8966096853407332,1.3714671388377762,0.01855477262390894,0.03185734470804325
IT-BCi,0.0015260826129990196,0.7855246102574682,2.716232077397499,0.021997238809936284,0.03906510735936892
IT-BFt,0.0008185351874556557,0.8846611606045623,1.4123340287430377,0.01730504493509169,0.028610053957580293
IT-CA1,0.0010419234070593278,0.9407327262973815,0.798608210664824,0.019041836166416623,0.03227883837840711
IT-CA2,0.0010407551251579619,0.9253761610139064,0.9894785734928396,0.018252945877063897,0.03226073658734348
IT-CA3,0.0005371965323556148,0.9601701493596798,0.5350437186094525,0.01304329086223115,0.023177500563167176
IT-Col,0.001048055667927458,0.9266663277919429,0.7608132712083651,0.017906715857519833,0.03237368789507086
IT-Cp2,0.0010734634461910697,0.8605867486748857,0.994519518401086,0.02107637574704715,0.032763752016383436
IT-Cpz,0.0015939182986015492,0.9071154626986626,0.9938197214468247,0.026052835931130322,0.039923906354483264
IT-Isp,0.0012327873206205908,0.9411795717615488,0.8229472277728025,0.02146209047763444,0.03511107119728179
IT-La2,0.0019218249035457306,0.8871742281822999,0.8011430355830084,0.025785021361003062,0.04383862342211181
IT-Lav,0.0011589368861258786,0.8930479349625635,1.018938006635655,0.0193878869951735,0.03404316210527275
IT-Lsn,0.0006859518063002834,0.9447032778697454,16.54193038580799,0.015681030849582406,0.02619068166925564
IT-MBo,0.0007867559895545057,0.9297138614545543,0.6219273177053176,0.016120783248835577,0.028049170924547943
IT-Noe,0.0014713835504648184,0.915274556099905,0.9841057520345328,0.024265415228678918,0.03835861768188237
IT-PT1,0.0015684540970933457,0.9228067654042768,0.8225859805907207,0.023768303135339654,0.03960371317305166
IT-Ren,0.0007543970208620705,0.8822826352897629,0.866601300858577,0.01505448777325313,0.027466288807592307
IT-Ro1,0.0009375590249514167,0.9274073536961587,1.0133151035739563,0.01786786924017007,0.030619585643039272
IT-Ro2,0.0015167213430448074,0.8912181756178653,0.8960457863362591,0.021777764903196294,0.038945106792058065
IT-SR2,0.0011052633801039028,0.8710499702769637,1.0952216925565985,0.021080394884577743,0.033245501652161946
IT-SRo,0.0011274960286141466,0.8849468271926688,4.923099018012652,0.021271834072718376,0.033578207644455155
IT-Tor,0.0003058829522574761,0.8915102754940171,1.3782415354070094,0.009515553637357241,0.017489509777505945
JP-SMF,0.0016152188899097978,0.8624497379601908,1.1862427102555209,0.025199646651416985,0.04018978589032041
MX-Tes,0.0004939455118295084,0.37388677083672417,2.28560299609193,0.00910451773702014,0.022224884967745242
MY-PSO,0.0026313324134302003,0.8615318485217469,0.8715780511887198,0.029627211692993913,0.05129651463238219
NL-Hor,0.0017729861114273713,0.905671777599243,0.7376449262539095,0.024264085410104594,0.04210684162256024
NL-Loo,0.0011824320180752398,0.8932165953706778,0.9482728624469589,0.02068800719887253,0.034386509245272916
PA-SPn,0.001382619350545125,0.9340484547682858,0.6126233974064538,0.021985748897454062,0.03718358980175428
PA-SPs,0.0014044547328910264,0.9563055352892473,0.903753105429868,0.023373773881945763,0.0374760554606675
RU-Che,0.0006458068465422268,0.9723248980938571,0.4834693992970049,0.014835992040318179,0.025412730009627592
RU-Cok,0.002072808238228119,0.9022826103399363,0.8789808334514146,0.02973494589700875,0.0455281038286037
RU-Fy2,0.0008172716310216496,0.9406119978012767,1.1151974698631526,0.016520659080909904,0.02858796304428928
RU-Fyo,0.0012012106844969711,0.9259865350344187,1.0985505349382265,0.020310330812945893,0.03465848647152629
RU-Ha1,0.0014556885843732424,0.9380646407755704,0.6542286715865073,0.021781104983774245,0.0381534871849644
SD-Dem,0.0008139406431718827,0.9376875461449933,0.9753681986322973,0.015278177647908231,0.028529644988535743
SE-Deg,0.0003098310797553238,0.873530835962688,0.9059655284680154,0.009231195165434056,0.017602019195402663
SE-Htm,0.001218746460344633,0.9267218500670279,0.7495701575396728,0.0216695162733673,0.0349105494133884
SE-Lnn,0.00042490046865952344,0.9656856483488317,0.6022013590080555,0.009581660670467968,0.020613113997150538
SE-Nor,0.000870742621974368,0.9279262902811523,0.695253642899238,0.01839441929658389,0.029508348343720764
SE-Ros,0.0006056081943893702,0.9575148048124598,1.5785954038444299,0.014676112625345171,0.024609107955985934
SE-Svb,0.0010047634803495061,0.9416012449407936,1.9297624984485917,0.018470316070965113,0.03169800435909974
SJ-Adv,0.0012045223212680345,0.8819858858657392,1.6094160865506268,0.018268523859780908,0.03470622885402611
US-A32,0.0009043077353330008,0.9268695926888306,2.8008234168553128,0.01746332793444509,0.030071709883759533
US-AR1,0.0005996555185578096,0.7936371208254812,4.430788477748154,0.013994069802576177,0.024487864720261127
US-AR2,0.001454709709014438,0.6607059476579993,1.8869280723120274,0.020707781398967832,0.03814065690328941
US-ARM,0.0011694196318866902,0.777166811565412,2.2125059727191405,0.019787857595183398,0.034196778092192986
US-ARb,0.000517461409111474,0.9571496485486599,0.7901654519020922,0.01303971418868456,0.022747778113729567
US-ARc,0.00074370131294278,0.9552304458471881,0.7801455393315148,0.01595065125015079,0.027270887644937045
US-Atq,0.0010916188952758215,0.9134801915248889,1.4889261954967057,0.01959344860641001,0.03303965640371918
US-BZB,0.00022815772014507326,0.9303711334705657,1.008229943968502,0.008111015961755128,0.015104890603545371
US-BZF,0.0005114029061229291,0.8905138334608489,1.7308913975151865,0.012937975557621722,0.022614219113710938
US-BZS,0.00036191423423155274,0.8908313300352103,2.7182928110740447,0.010500255196937949,0.019024043582570788
US-BZo,0.0008844543918909484,0.7378533389653185,1.0776830053093467,0.013570167781695461,0.029739777939502984
US-Bi1,0.0029669104216275615,0.8661160694342699,1.4743668137688521,0.030680642182719566,0.05446935304946775
US-Bi2,0.0005814439029457196,0.9625083201102451,0.5678561754815737,0.013812871570607347,0.024113147926924008
US-Blo,0.0010210939554696678,0.9421511947049821,1.1429882996059446,0.020328956569044005,0.031954560792939526
US-CF1,0.0003630574599309687,0.9647897908759365,0.6141439342350467,0.009109303719805598,0.01905406675570779
US-CF2,0.0003771802461550943,0.9662532975087984,0.8752390921044575,0.010099789293125938,0.019421128858928213
US-CF3,0.00035765891168217036,0.9537121278999272,0.7620782356830512,0.00939195601793716,0.018911872241588624
US-CF4,0.000374968127132778,0.9628085074011198,3.864528442093245,0.009658073357423344,0.019364093759656763
US-CRT,0.0008387313916331168,0.8998001232167048,1.3442999386417531,0.014408304565391002,0.028960859649415048
US-CS1,0.0002970300063700049,0.9695314849760688,0.6699240296868563,0.007913515919917642,0.017234558490718723
US-CS3,0.00042905610355368557,0.9679649354886526,0.48587186667278887,0.010394894889510502,0.020713669485479525
US-CS4,0.0004515219630917296,0.9617911968881995,13.624155712768577,0.010235732247853435,0.021249046168986728
US-EDN,0.0015194391378371586,0.8350061268252458,1.103496326362815,0.02374112295713776,0.038979983810119245
US-GLE,0.0004723372261157023,0.8897746490119383,1.6593421734657192,0.013332976906648178,0.02173332064171746
US-Goo,0.000903324483169812,0.9263710860164505,0.8745567068281788,0.017936365252652492,0.03005535697957707
US-HB1,0.0006690404088231272,0.7151158831512889,1.1922339982087573,0.012764720705900632,0.025865815448640455
US-HWB,0.0004378068477549045,0.7702955861891023,1.6682771969870327,0.009427291301711912,0.020923834441968433
US-Hn3,0.0002328431876340094,0.9011824559836886,0.6948374575447899,0.008554046299618633,0.015259200098105058
US-Ho2,0.0007163085282043695,0.8565482452161982,1.1729040102007118,0.015577926396385769,0.026763940819774085
US-IB2,0.00039934248544082714,0.9266451557362724,0.8058297864732036,0.010360800279179974,0.019983555375378704
US-ICs,0.0001462228274284036,0.8199142862231551,1.1430525450801519,0.0052148906175391585,0.012092263122691451
US-ICt,3.810540943192309e-05,0.8313471656105326,1.4028547497053436,0.003176178087970212,0.006172957915936499
US-Ivo,0.0009475168606437339,0.936626401127947,2.279365940420216,0.018410709203270644,0.030781761818384178
US-Jo2,7.09014397246656e-05,0.6294459787154905,1.464641236670941,0.00424401225552113,0.008420299265742615
US-KFS,0.0003934205021771479,0.8141854506896944,1.8530575458836192,0.009785255349237527,0.019834830530588054
US-KLS,0.0005846894505902076,0.7656583698104464,1.2948736765468083,0.013384683518417833,0.024180352573736547
US-KS1,0.0006104094722927369,0.9222294378588688,0.8265798192411813,0.012037515914055965,0.02470646620406765
US-KS2,0.0006110725790426744,0.9269351758713165,0.5521005197785063,0.013916846031951806,0.02471988226190963
US-KS3,0.0008410707540982825,0.7929746234230017,1.3345274155208373,0.00945698705557034,0.02900121987258954
US-LWW,0.001865737116890291,0.760407823523248,3.624887014539661,0.026145505056320444,0.043194179201488374
US-Lin,0.00634534790894142,0.5449219725276938,1.5566560323957663,0.05118985732820088,0.07965769208897167
US-Los,0.0003009199080820589,0.9348959204950616,0.6744381192244118,0.008525710470146853,0.017347043208629502
US-MOz,0.0006325467154134087,0.8731154766027011,1.4776089601213656,0.014248237598476642,0.02515048141514211
US-Me1,0.0012078821130454137,0.7422553163377809,1.0202079649069036,0.01791486815926073,0.0347545984446003
US-Me2,0.0006997086574258691,0.9025609572054357,0.8983909748055734,0.016114140989661123,0.026452006680512334
US-Me3,0.0011189350340350141,0.8004944084006546,10.35449894411292,0.021775037939430992,0.03345048630491064
US-Me4,0.002362395552402661,0.6321652355539042,2.805555539753952,0.030036965538367086,0.048604480785238935
US-Me5,0.0014233081432330136,0.9198753651115896,0.721578309469102,0.02322286774824894,0.037726756330660256
US-Me6,0.001185263670132312,0.8729532317360872,1.0873047475729027,0.022111667246443176,0.03442765850493339
US-Mpj,0.0012449146899350032,0.8845183319483191,2.0093053813047677,0.021239230812683342,0.035283348621339826
US-Myb,0.0008952775217427146,0.9112183332782832,1.3910089620486192,0.018410891797761182,0.029921188508191223
US-NC1,0.000831055378863141,0.9070773780355454,0.9265497754800343,0.017690163109558267,0.028828031130535798
US-NC4,0.0012884377471509933,0.7390305992656265,1.6749709256853147,0.01992492582724483,0.035894815045504735
US-NR1,0.001142178300283572,0.9330278437310855,1.3079513346062515,0.019975062743177757,0.03379612848069394
US-ONA,0.0004774194451963223,0.8733524937033201,3.52126774882671,0.010226806291588883,0.02184993009591386
US-OWC,0.002298464568848577,0.8395886508713013,0.9944976632019249,0.02938737847736278,0.0479423045842456
US-Oho,0.0007301415361354296,0.9450909913994106,0.6531763577736672,0.015521785569972827,0.027021131288964006
US-Prr,0.0003115042628026256,0.9038227505554313,0.48106518342493154,0.008271040633433153,0.01764948335795203
US-Ro1,0.0005281364309121401,0.9232338879477657,0.5567709789271886,0.009305600299820856,0.022981219091078264
US-Ro4,0.00035154925024272275,0.9703759132437803,0.5378924132884308,0.009705740888470647,0.018749646669810147
US-Ro5,0.00025003640944599477,0.9757236414196654,0.45021965513550677,0.007397193752310504,0.01581253962670117
US-Ro6,0.0008631392183095502,0.9170672472086595,1.6899853859779128,0.014674736869164791,0.029379231070767495
US-SRC,0.0006512564532173542,0.8134945514309542,1.7089796724725306,0.015013524056252411,0.025519726746525993
US-SRG,0.000580694282181237,0.8977539748561454,8.506065718844582,0.013473666917383883,0.024097599095786223
US-SRM,0.0005363947609155701,0.84812089318851,1.7084302416553836,0.012984663990254242,0.023160197773671322
US-Seg,0.0006368548315429139,0.8001205040173351,2.117989849359488,0.013980226909729433,0.025235982872535673
US-Ses,0.0005443576175423305,0.7666945086961194,1.746471642642674,0.014077296369843825,0.023331472682673302
US-Sne,0.0007667625133306209,0.8748669541480063,1.2765673981380754,0.018054479697384992,0.027690476942996502
US-Snf,0.0007786195006491549,0.9460775961600244,0.5848883563072733,0.018235284759290062,0.027903754239334083
US-Syv,0.0007956055430103425,0.9361233008608232,35.78235230139836,0.01694620432456165,0.028206480514419777
US-Ton,0.00043751069441438277,0.7160272586337965,1.4735581931584187,0.010857239392999946,0.020916756307190244
US-Tw3,0.0016055551508058544,0.9104695947165071,1.3495199213674332,0.023206873916688152,0.040069379216626934
US-Tw4,0.0008735243482493561,0.9293600739042036,1.0040699436134548,0.018545000912045244,0.029555445323144025
US-Twt,0.0007819023362962102,0.9456584000511088,0.9941269891670832,0.016035080361446796,0.02796251663023574
US-Var,0.00033393344739492706,0.8587130735907298,1.2093638081068594,0.008084962423166617,0.018273845993521096
US-WCr,0.0005526062345127427,0.9147799753135054,6.849902247821703,0.011888803605079882,0.023507578235810313
US-WPT,0.0005850901350162555,0.9034325977536255,0.8837486004053791,0.013402830692824422,0.02418863648526422
US-Whs,0.00031172971273894193,0.7379703608542079,4.915715358925836,0.009926003360229254,0.01765586907345379
US-Wi0,0.0005462770336387108,0.8474414504747584,2.771873522453957,0.010168987717469647,0.02337257011196481
US-Wi1,0.0014724119436693047,0.9474344081399455,0.7216735416546349,0.02226070595133194,0.03837202032300755
US-Wi2,0.0012854991030655995,0.8045403881098093,0.7725935072550112,0.01789576794592822,0.035853857575797884
US-Wi3,0.0016951849372263401,0.8902319159873155,2.6279629607261947,0.022358167291368896,0.041172623637877874
US-Wi4,0.0012847461070853061,0.825256596961497,1.2705809269212198,0.019223292258723337,0.035843355131534575
US-Wi5,0.0011697920971201696,0.7812977683897453,1.4609543783510026,0.012928813975992203,0.0342022235698232
US-Wi6,0.0009623489044315943,0.7171860764432085,1.1323959177149259,0.01521952835955742,0.031021748893825994
US-Wi7,0.00172051447336838,0.7470814589490512,1.970977460394246,0.020766334235986696,0.041479084770139035
US-Wi8,0.0011749008610963153,0.8988127888943708,0.5885132080636154,0.019348669163442057,0.034276826881966704
US-Wi9,0.0016169163481267058,0.648739091761869,0.9068328478547925,0.019610884963454627,0.04021089837502646
US-Wjs,0.0004197024383749118,0.892804598926888,0.9463856837701192,0.012240060242642056,0.02048664048532389
US-Wkg,0.0006574326121255951,0.8409141186391597,3.7824398100958914,0.013383711801598239,0.02564044875047227
US-xAE,0.00042219794930776816,0.9423090677016593,0.5783415329527681,0.011486730353955673,0.02054745603007263
US-xBR,0.000722784849104818,0.9065939742969963,0.5850487656298885,0.014158492939612764,0.026884658247870997
US-xCL,0.00023543944709269869,0.9080975369054624,0.8356060942216603,0.0075551982042155455,0.015344036206054087
US-xCP,0.00013376587928629052,0.9042686482799495,1.0933999497306959,0.005684638330797465,0.011565720007258109
US-xDC,0.0002553520938108224,0.9506383422442787,1.0554531958564972,0.007722371092918713,0.01597974010460816
US-xDL,0.0007979257089605082,0.9028326437805695,0.7395558060930638,0.016124376002511598,0.028247578815900457
US-xDS,0.0006234874088417116,0.9402004639224808,0.3984368939562423,0.014357426243719327,0.02496972985119606
US-xGR,0.000896590040078164,0.921618250002904,0.6939888676782028,0.017530593926741323,0.029943113399881517
US-xHA,0.00047869927581508585,0.9534912001817791,2.657741934667078,0.012270008713724417,0.02187919733022868
US-xHE,0.00011987549072580578,0.9558829711051599,0.6362488003129335,0.005680716554253734,0.010948766630347264
US-xJE,0.0006936869325646043,0.8823439875533534,0.9275718695280981,0.01463625036314174,0.026337937135709855
US-xKA,0.0004981486478956863,0.8753519680625454,1.1964651359387162,0.010994890341751605,0.022319243891666365
US-xKZ,0.00033039217960605376,0.9599206086587169,0.6703622223131603,0.009182573821461766,0.018176693307806396
US-xMB,0.0008083886642210482,0.7706778570742556,2.2456428556099315,0.01631380804959005,0.02843217656495978
US-xML,0.0003454487116563333,0.9345772913471656,0.5378029890244772,0.008959241487385312,0.018586250607810422
US-xNG,0.0004929639686330731,0.9238656478761207,0.9188943589861204,0.011010844603814917,0.022202791910772686
US-xNQ,0.000405158997546939,0.8157178814587411,1.2978664058945295,0.011089931510135093,0.02012856173567647
US-xRM,0.0005570853411287772,0.9438673184104659,0.42110415111836763,0.013643348853036582,0.023602655383002505
US-xSB,0.0005266370606832595,0.9198642285610303,0.4541772107630404,0.013099205441964634,0.022948574262538827
US-xSE,0.0005727722636290376,0.8915885523269431,0.9704190162982502,0.012829022150336806,0.02393266102273288
US-xSR,8.026859172116475e-05,0.8396916704730828,7.886685197998571,0.0040858593103151215,0.00895927406217517
US-xST,0.0005094946782428403,0.9675753792107757,0.32311209162167737,0.011361196531533516,0.02257198879679946
US-xTA,0.00045999984356886596,0.891996287364583,0.6563605788745758,0.012104635508211505,0.02144760694270729
US-xTR,0.0004708162668832506,0.9434505665419526,0.6381809026786803,0.011092272503846574,0.021698301013748762
US-xUK,0.00030521088631297753,0.9298264990318926,0.7138879129780048,0.009850863856594548,0.017470285810855458
US-xUN,0.0005225460712469013,0.9530649578204392,0.7114478701999303,0.011504709866301028,0.022859266638431366
US-xYE,0.0003283811296448487,0.9327888794515367,0.5408689807011229,0.008981002796939476,0.01812128940348475
ZM-Mon,0.0005692820268077313,0.9503210990196391,0.968247622585332,0.015243549446877646,0.0238596317408239
