site,test_loss,mse,r2,relative_error,mae,rmse
AR-SLu,0.0044659124687314,0.0044659115374088,0.908593773841858,0.1593785434961319,0.0433275289833545,0.0668274760246276
AT-Neu,0.0024167881347239,0.0024167872034013,0.827688455581665,0.0776263028383255,0.0307560749351978,0.0491608306765556
AU-ASM,0.0009309632587246,0.0009309631423093,0.7329882979393005,0.0723310485482215,0.0176149401813745,0.0305116884410381
AU-Cpr,0.0023233694955706,0.0023233699612319,-1.0688626766204834,0.0783650204539299,0.0339690037071704,0.048201348632574
AU-Cum,0.0005970869096927,0.0005970869679003,0.6733995676040649,0.048473373055458,0.016923826187849,0.0244353637099266
AU-DaP,0.0013839518651366,0.0013839525636285,0.8628433346748352,0.0619015917181968,0.0207023303955793,0.0372015126049518
AU-DaS,0.0009128248202614,0.0009128249366767,0.6991748809814453,0.0348465107381343,0.0180918797850608,0.0302129928022623
AU-Dry,0.0010720571735873,0.001072057057172,0.8576734662055969,0.0465453974902629,0.0209701396524906,0.0327422842383384
AU-Emr,0.0033766215201467,0.0033766208216547,0.3225671052932739,0.0693839117884635,0.0302639678120613,0.0581086985766887
AU-GWW,0.0030396142974495,0.0030396145302802,0.7014630436897278,0.076996311545372,0.0354497246444225,0.0551326982676982
AU-Gin,0.004366192035377,0.0043661925010383,0.8969533443450928,0.1004550978541374,0.0423517897725105,0.066077172756195
AU-How,0.0007883077487349,0.0007883073994889,0.8338817358016968,0.0358272418379783,0.0168535634875297,0.0280768126249313
AU-Lox,0.0030642121564596,0.003064211923629,0.0126406550407409,0.2333763092756271,0.0433747619390487,0.0553553253412246
AU-RDF,0.0021691301371902,0.0021691313013434,-2.8411498069763184,0.0948313847184181,0.0318714007735252,0.0465739332139492
AU-Rig,0.0066502052359282,0.0066502043046057,0.728955864906311,0.1394759118556976,0.0412954725325107,0.0815487876534462
AU-Rob,0.0046593956649303,0.0046593965962529,0.6888231039047241,0.1208042725920677,0.0481922291219234,0.0682597756385803
AU-Stp,0.0020082045812159,0.0020082036498934,0.6691386103630066,0.0713260173797607,0.025435883551836,0.0448129847645759
AU-TTE,0.0009748099837452,0.0009748099255375,0.4773786664009094,0.0747577548027038,0.0172271616756916,0.0312219467014074
AU-Wac,0.0037360768765211,0.0037360754795372,0.3017984628677368,0.0989933758974075,0.0366680808365345,0.0611234456300735
AU-Whr,0.0012191684218123,0.0012191680725663,0.8450304865837097,0.0669678598642349,0.0241225436329841,0.0349165871739387
AU-Wom,0.0030279639177024,0.0030279636848717,0.8857482075691223,0.0972808301448822,0.0361096262931823,0.0550269372761249
AU-Ync,0.0013374469708651,0.0013374472036957,-0.0316017866134643,0.0745103731751442,0.0232392232865095,0.0365711264312267
BE-Bra,0.0011573164956644,0.0011573159135878,0.6680722832679749,0.0865659415721893,0.0173899345099926,0.0340193472802639
BE-Dor,0.0017817337065935,0.0017817330081015,0.8682124614715576,0.0657127201557159,0.0254508256912231,0.042210578918457
BE-Lcr,0.0028333072550594,0.0028333079535514,0.7358952760696411,0.0793884471058845,0.0350139737129211,0.0532288253307342
BE-Lon,0.0061928643845021,0.0061928662471473,0.4932340979576111,0.1725353449583053,0.0350576192140579,0.0786947682499885
BE-Maa,0.0040969159454107,0.0040969154797494,0.6329888105392456,0.059290561825037,0.035372968763113,0.0640071481466293
BE-Vie,0.0020195357501506,0.0020195383112877,0.8251230120658875,0.0663862824440002,0.0270877797156572,0.0449392721056938
BR-Npw,0.0037188648711889,0.0037188644055277,0.534494161605835,0.1254857182502746,0.0336347930133342,0.0609824918210506
BR-Sa3,0.0077953934669494,0.0077953934669494,0.6975426077842712,0.1601892709732055,0.0587271191179752,0.0882915258407592
CA-ARB,0.0028975235763937,0.0028975231107324,0.8236286044120789,0.1629755347967147,0.0299301333725452,0.0538286454975605
CA-ARF,0.0018482150044292,0.0018482152372598,0.8940524458885193,0.0867208763957023,0.024199990555644,0.0429908744990825
CA-DB2,0.0001603905111551,0.000160390525707,-0.1928427219390869,0.0209747832268476,0.0085816960781812,0.0126645378768444
CA-DBB,9.994055290007964e-05,9.994056017603724e-05,0.1728298068046569,0.0119934193789958,0.0048717889003455,0.0099970279261469
CA-Gro,0.0010236308444291,0.0010236301459372,0.8046940565109253,0.0462556667625904,0.0174173284322023,0.0319942198693752
CA-LP1,0.0033808576408773,0.0033808602020144,0.6577040553092957,0.0757970660924911,0.0301765520125627,0.0581451654434204
CA-NS1,0.0022876900620758,0.0022876893635839,0.842976450920105,0.0634543150663375,0.0308893155306577,0.047829795628786
CA-NS2,0.0025755630340427,0.0025755632668733,0.7757676839828491,0.079536959528923,0.0318828225135803,0.0507500059902668
CA-NS3,0.0014273218112066,0.0014273220440372,0.8288506269454956,0.057289320975542,0.0208678524941205,0.0377799160778522
CA-NS4,0.0013323361054062,0.0013323366874828,0.829475998878479,0.046384647488594,0.025726955384016,0.0365011878311634
CA-NS5,0.001831458415836,0.0018314576009288,0.903722882270813,0.0661720037460327,0.0244221873581409,0.0427955314517021
CA-NS6,0.0024776388891041,0.0024776384234428,0.8794583082199097,0.0805675089359283,0.0232696086168289,0.0497758835554122
CA-NS7,0.001427398296073,0.001427398296073,0.8323870301246643,0.0611648708581924,0.021975552663207,0.0377809256315231
CA-Oas,0.0012927162460982,0.0012927168281748,0.9142393469810486,0.057384330779314,0.0171221625059843,0.0359543710947036
CA-Obs,0.0015535327838733,0.0015535312704741,0.925728976726532,0.0683619603514671,0.0229045525193214,0.0394148603081703
CA-Qfo,0.0007517529302276,0.0007517529884353,0.8820689916610718,0.0300057847052812,0.0168782789260149,0.0274181142449378
CA-SF1,0.0030752657912671,0.0030752662569284,0.8241116404533386,0.0908879414200782,0.040035031735897,0.0554550848901271
CA-SF2,0.2309850007295608,0.2309849709272384,-13.383870124816896,0.4947863817214966,0.2402593046426773,0.4806089699268341
CA-SF3,0.001086727133952,0.0010867269011214,0.7260530591011047,0.0438717007637023,0.0215479880571365,0.0329655408859252
CA-TP1,0.0033142282627522,0.0033142296597361,0.7520382404327393,0.0498016811907291,0.0296933986246585,0.0575693473219871
CA-TP4,0.0018672896549105,0.0018672889564186,0.8454164862632751,0.0501576103270053,0.0258259885013103,0.0432121381163597
CA-TPD,0.0012804201105609,0.0012804204598069,0.8865676522254944,0.0511425994336605,0.0210345163941383,0.0357829630374908
CH-Aws,0.001743440865539,0.0017434414476156,0.787507176399231,0.0431434176862239,0.0235429294407367,0.0417545363306999
CH-Cha,0.0036698773037642,0.0036698752082884,0.6898394823074341,0.1033875197172164,0.0387480929493904,0.0605794936418533
CH-Dav,0.0003866230836138,0.0003866230545099,0.7400450706481934,0.0266969017684459,0.0128227323293685,0.019662732258439
CH-Fru,0.0025285631418228,0.0025285624433308,0.7336914539337158,0.0753610283136367,0.0283577553927898,0.0502848140895366
CH-Lae,0.0016165161505341,0.0016165149863809,0.6614026427268982,0.0668079629540443,0.0272253695875406,0.0402059070765972
CH-Oe1,0.00684459740296,0.0068445983342826,0.4883184432983398,0.1481178253889084,0.0431956835091114,0.0827320888638496
CH-Oe2,0.0018032842781394,0.0018032839288935,0.6020232439041138,0.0518681481480598,0.0238051265478134,0.0424650907516479
CN-Cha,0.0027987645007669,0.002798763802275,0.8693634867668152,0.0918870270252227,0.0324965193867683,0.0529033429920673
CN-Cng,0.0016569164581596,0.001656916225329,0.8085627555847168,0.0978621616959571,0.0212464369833469,0.0407052375376224
CN-Dan,0.0015486374031752,0.0015486386837437,0.8702336549758911,0.0745299458503723,0.0232075918465852,0.039352748543024
CN-Din,0.0036719609051942,0.0036719604395329,0.8747278451919556,0.1034709066152572,0.0380847342312336,0.0605967044830322
CN-Du2,0.001202825224027,0.0012028247583657,0.7754497528076172,0.0596258752048015,0.0207407195121049,0.0346817634999752
CN-Du3,0.0005315970629453,0.00053159694653,0.8578894138336182,0.0604308694601058,0.0187738444656133,0.023056386038661
CN-Ha2,0.0032493423204869,0.0032493420876562,0.9016321301460266,0.0904399454593658,0.0323314853012561,0.0570029988884925
CN-HaM,0.010161692276597,0.0101616950705647,0.5222253203392029,0.3467871844768524,0.0676575005054473,0.1008052304387092
CN-Qia,0.002359767910093,0.002359768608585,0.8586549758911133,0.0781612247228622,0.0299265123903751,0.0485774502158165
CN-Sw2,0.0016414721030741,0.0016414721030741,0.0566571354866027,0.0599373281002044,0.0267167128622531,0.0405150838196277
CZ-BK1,0.0014437275240197,0.0014437267091125,0.8395317196846008,0.0416148193180561,0.0214299689978361,0.0379964038729667
CZ-BK2,0.0049986038357019,0.0049986019730567,0.5745456218719482,0.1246574372053146,0.0323692709207534,0.0707007944583892
CZ-KrP,0.0028841013554483,0.0028841027524322,0.6678770780563354,0.0509981736540794,0.0287634395062923,0.0537038445472717
CZ-Lnz,0.0014338211622089,0.0014338213950395,0.8855268955230713,0.0463602058589458,0.0198271684348583,0.0378658324480056
CZ-RAJ,0.0024273919407278,0.0024273912422358,0.873332142829895,0.0891031473875045,0.0308575443923473,0.0492685623466968
CZ-Stn,0.0011165732285007,0.0011165735777467,0.8687077760696411,0.05607346072793,0.0204662904143333,0.0334151685237884
CZ-wet,0.0021213823929429,0.0021213830914348,0.8764846920967102,0.0697237849235534,0.0256855152547359,0.0460584759712219
DE-Geb,0.0018984483322128,0.0018984479829668,0.6462205648422241,0.0472058169543743,0.0215437952429056,0.0435711815953254
DE-Gri,0.002783901290968,0.0027838982641696,0.6311806440353394,0.0556906834244728,0.0283107589930295,0.0527626611292362
DE-Hai,0.0028838485013693,0.0028838473372161,0.7723081707954407,0.0878751724958419,0.0295289661735296,0.053701464086771
DE-HoH,0.0016517000040039,0.0016517002368345,0.865786612033844,0.05816500633955,0.0231793504208326,0.040641114115715
DE-Hte,0.0007031434797681,0.0007031434797681,0.8030022382736206,0.0361679270863533,0.0148297324776649,0.0265168529003858
DE-Hzd,0.0019057303434237,0.0019057299941778,0.6939030885696411,0.046557180583477,0.025917550548911,0.0436546690762043
DE-Kli,0.0021285256370902,0.0021285263355821,0.6954755783081055,0.0588444769382476,0.0230517275631427,0.0461359545588493
DE-Lkb,0.0032767080701887,0.0032767083030194,0.8384435176849365,0.1124197170138359,0.0339579060673713,0.0572425387799739
DE-Lnf,0.0021338379010558,0.0021338383667171,0.8979707360267639,0.0889854580163955,0.0257752146571874,0.0461934879422187
DE-Obe,0.0026840164791792,0.0026840178761631,0.7609213590621948,0.0837694257497787,0.0318501777946949,0.0518075078725814
DE-RuR,0.0015103976475074,0.0015103968326002,0.8294439315795898,0.0393131487071514,0.0215544328093528,0.0388638228178024
DE-RuS,0.0073919389396905,0.0073919398710131,0.2338737249374389,0.1568732261657714,0.0447848998010158,0.0859763920307159
DE-RuW,0.0008221960160881,0.0008221959578804,0.8016167879104614,0.05106757953763,0.0211844909936189,0.0286739598959684
DE-Seh,0.0265129171311855,0.0265129171311855,-0.6750587224960327,0.4394566416740417,0.0934766456484794,0.1628278791904449
DE-SfN,0.0029437176417559,0.0029437192715704,0.6640914678573608,0.0795321017503738,0.0369295477867126,0.0542560517787933
DE-Tha,0.0018988865194842,0.0018988888477906,0.860421359539032,0.0610197223722934,0.0255535710602998,0.0435762405395507
DK-Fou,0.0336641259491443,0.0336641296744346,0.4107090830802917,0.3429975509643554,0.108680173754692,0.1834778785705566
DK-Gds,0.0009269660222344,0.000926965905819,0.3993721008300781,0.0994848385453224,0.0166432633996009,0.0304461140185594
DK-Skj,0.0007958116475492,0.0007958116475492,0.6547972559928894,0.0501630119979381,0.0156629104167222,0.0282101333141326
DK-Sor,0.0171102732419967,0.0171103104948997,0.0649051666259765,0.131776362657547,0.0457081906497478,0.1308063864707946
DK-Vng,0.0006053391844034,0.0006053393008187,0.6623649597167969,0.0540323667228221,0.0142873274162411,0.0246036443859338
ES-Abr,0.002670717658475,0.0026707181241363,0.8131641745567322,0.0727146118879318,0.0282696653157472,0.0516789928078651
ES-Agu,0.0051931906491518,0.0051931920461356,0.3802827596664428,0.1399665474891662,0.0466725379228591,0.0720638036727905
ES-Amo,0.0031080963090062,0.0031080958433449,0.6406203508377075,0.1213400959968566,0.0341466888785362,0.055750299245119
ES-LJu,0.0026077795773744,0.0026077795773744,0.658396303653717,0.0757084116339683,0.0311345905065536,0.0510664246976375
ES-LM1,0.0014470386086031,0.0014470394235104,0.8741120100021362,0.0506353341042995,0.0224156491458416,0.0380399711430072
ES-LM2,0.0012376060476526,0.0012376067461445,0.905823051929474,0.0575248524546623,0.0226276069879531,0.0351796336472034
ES-LgS,0.0058374186046421,0.0058374190703034,0.7263769507408142,0.118922010064125,0.0502285733819007,0.0764030069112777
FI-Hyy,0.0025105043314397,0.0025105029344558,0.8478914499282837,0.1042375788092613,0.0308804493397474,0.0501049198210239
FI-Ken,0.0023465640842914,0.0023465647827833,0.9013074636459352,0.1106116250157356,0.0286796241998672,0.0484413541853427
FI-Let,0.0291113834828138,0.0291113872081041,-6.3126373291015625,0.2787717878818512,0.13511723279953,0.1706205904483795
FI-Lom,0.0040693148039281,0.0040693138726055,0.8968753814697266,0.1326047033071518,0.0355412848293781,0.0637911707162857
FI-Qvd,0.0054231123067438,0.0054231155663728,0.736871600151062,0.1486949920654297,0.0414347164332866,0.0736418068408966
FI-Sii,0.0011640584561973,0.0011640578741207,0.9020377397537231,0.0633416622877121,0.0173096377402544,0.034118290990591
FI-Sod,0.0011500277323648,0.0011500286636874,0.8627950549125671,0.05021957680583,0.0204827580600976,0.0339120738208293
FI-Var,0.0027488775085657,0.0027488761115819,0.7187443971633911,0.0929984748363494,0.0275835897773504,0.052429724484682
FR-Aur,0.0012871398357674,0.0012871392536908,0.5922844409942627,0.0508723519742488,0.0193814020603895,0.0358767248690128
FR-Bil,0.0024234857410192,0.0024234850425273,0.7793442010879517,0.0678675919771194,0.0299528166651725,0.0492289029061794
FR-EM2,0.0032176885288208,0.0032176889944821,0.5688195824623108,0.1103704050183296,0.0300037395209074,0.0567246787250041
FR-FBn,0.0022571154404431,0.0022571173030883,0.8671081066131592,0.06494652479887,0.030855193734169,0.047509130090475
FR-Fon,0.0020749405957758,0.0020749387331306,0.7970154285430908,0.0669653266668319,0.0254753343760967,0.0455514937639236
FR-Gri,0.0069270767271518,0.0069270734675228,0.5277540683746338,0.2089576870203018,0.0435555502772331,0.0832290425896644
FR-Hes,0.0015147718368098,0.0015147721860557,0.840232253074646,0.0611469633877277,0.0230872798711061,0.0389200747013092
FR-LBr,0.0031401393935084,0.0031401414889842,0.7825260758399963,0.1007601916790008,0.0360714346170425,0.056036964058876
FR-LGt,0.0012158704921603,0.0012158706085756,0.8228095173835754,0.0527963638305664,0.0223220847547054,0.034869335591793
FR-Lam,0.0088419690728187,0.0088419644162058,0.3831414580345154,0.1895745992660522,0.0467377938330173,0.0940317213535308
FR-Mej,0.0021148608066141,0.0021148612722754,0.6294177174568176,0.1002970188856124,0.0280411541461944,0.0459876209497451
FR-Pue,0.0064372387714684,0.0064372415654361,0.505445122718811,0.1808013916015625,0.0500316768884658,0.0802324190735817
FR-Tou,0.0019960075151175,0.0019960070494562,0.8100336790084839,0.062603011727333,0.0292317140847444,0.0446766950190067
GF-Guy,0.0040662237443029,0.0040662232786417,0.743471622467041,0.1633510142564773,0.0421604551374912,0.0637669414281845
GH-Ank,0.0028811960946768,0.0028811953961849,0.4685137271881103,0.0724025964736938,0.0326583348214626,0.0536767691373825
GL-NuF,0.004471203777939,0.0044712028466165,0.7610771059989929,0.1186452656984329,0.0441219322383403,0.0668670535087585
GL-ZaF,0.0021233786828815,0.0021233784500509,0.8903557658195496,0.14389169216156,0.0290838722139596,0.0460801310837268
GL-ZaH,0.002445098478347,0.002445098478347,0.7049692869186401,0.0949305519461631,0.0357312262058258,0.049447938799858
IL-Yat,0.0021423553116619,0.0021423567086458,0.730115532875061,0.0817459672689437,0.0256808642297983,0.0462855994701385
IT-BCi,0.005017181392759,0.0050171758048236,0.1959792375564575,0.104677677154541,0.0401810109615325,0.0708320289850235
IT-BFt,0.001328855054453,0.001328854705207,0.8476064801216125,0.0580158345401287,0.0228655245155096,0.0364534594118595
IT-CA1,0.0102991415187716,0.0102991443127393,0.4930992722511291,0.2194400578737259,0.0578440837562084,0.1014847010374069
IT-CA2,0.0035291721578687,0.0035291733220219,0.6412615776062012,0.1802884042263031,0.0377254895865917,0.0594068467617034
IT-CA3,0.0399571880698204,0.039957195520401,0.5552356243133545,0.181641012430191,0.1130767688155174,0.1998929530382156
IT-Col,0.0027039120905101,0.0027039120905101,0.8559190630912781,0.0963904410600662,0.0276350695639848,0.0519991554319858
IT-Cp2,0.0058860844001173,0.0058860839344561,0.6709858179092407,0.1248062252998352,0.0526899918913841,0.0767208188772201
IT-Cpz,0.0040637413039803,0.0040637436322867,0.8278762102127075,0.1021671816706657,0.0417257621884346,0.0637474954128265
IT-Isp,0.0027303618844598,0.0027303625829517,0.8324045538902283,0.1252727508544922,0.0338854603469371,0.0522528700530529
IT-La2,0.0016163644613698,0.0016163648106157,0.6514760255813599,0.0826241225004196,0.0287170968949794,0.0402040407061576
IT-Lav,0.0033485391177237,0.0033485416788607,0.7771228551864624,0.0706237703561782,0.0350324362516403,0.0578665845096111
IT-Lsn,0.0034094904549419,0.0034094904549419,0.8533549904823303,0.0964536815881729,0.0357394888997077,0.0583908408880233
IT-MBo,0.0022022093180567,0.0022022095508873,0.8735160827636719,0.0749848186969757,0.0275719370692968,0.0469277054071426
IT-Noe,0.0038711335510015,0.0038711333181709,0.7363470792770386,0.1234850287437439,0.0402054414153099,0.0622184313833713
IT-PT1,0.004819796886295,0.004819796886295,0.8374516367912292,0.1158005520701408,0.0452926494181156,0.0694247558712959
IT-Ren,0.0025741017889231,0.0025741029530763,0.7450026273727417,0.083484299480915,0.0275695640593767,0.0507356189191341
IT-Ro1,0.0041485549882054,0.0041485549882054,0.747315526008606,0.1202202811837196,0.0380004458129406,0.0644092783331871
IT-Ro2,0.0029567193705588,0.0029567226301878,0.7402636408805847,0.0936452597379684,0.0314980149269104,0.0543757528066635
IT-SR2,0.002912881784141,0.0029128843452781,0.760796308517456,0.0643857344985008,0.0327135398983955,0.0539711453020572
IT-SRo,0.0033877131063491,0.0033877133391797,0.7359616756439209,0.1047689318656921,0.0385239459574222,0.0582040660083293
IT-Tor,0.0005183720495551,0.0005183718167245,0.7955175638198853,0.026929197832942,0.012236151844263,0.0227677803486585
JP-SMF,0.0066148433834314,0.0066148424521088,0.731995701789856,0.1600854247808456,0.0510932579636573,0.0813316851854324
MX-Tes,0.0011824159882962,0.0011824162211269,0.2904216647148132,0.0267029628157615,0.016416260972619,0.0343862809240818
MY-PSO,0.0044797640293836,0.0044797621667385,0.766294002532959,0.1023779213428497,0.041265707463026,0.0669310241937637
NL-Hor,0.0037959646433591,0.0037959672044962,0.8257211446762085,0.1142905578017234,0.0363294333219528,0.061611421406269
NL-Loo,0.0026919019874185,0.0026919010560959,0.8458160161972046,0.0784411504864692,0.0318165682256221,0.0518835335969924
PA-SPn,0.0019939765334129,0.0019939765334129,0.8567935824394226,0.0738521218299865,0.0297917425632476,0.0446539632976055
PA-SPs,0.0050424747169017,0.0050424770452082,0.8676506280899048,0.1325091272592544,0.0445262938737869,0.0710104033350944
RU-Che,0.002678345888853,0.0026783449575304,0.7018945217132568,0.2034883499145507,0.0282089803367853,0.0517527274787426
RU-Cok,0.0061622760258615,0.0061622764915227,0.7825138568878174,0.1359421610832214,0.0550894625484943,0.0785001665353775
RU-Fy2,0.001324288547039,0.0013242876157164,0.8854612708091736,0.0543459840118885,0.0199175328016281,0.0363907627761364
RU-Fyo,0.0028747338801622,0.0028747373726218,0.8507919311523438,0.1026715189218521,0.029911819845438,0.0536165758967399
RU-Ha1,0.0013193278573453,0.0013193280901759,0.8151127696037292,0.085618682205677,0.0213333163410425,0.0363225564360618
SD-Dem,0.0082234079018235,0.0082234097644686,0.3707367181777954,0.1702206879854202,0.0458881594240665,0.0906830206513404
SE-Deg,0.0003220790240447,0.0003220787039026,0.8062388300895691,0.0229215882718563,0.0097772143781185,0.0179465506225824
SE-Htm,0.0032561034895479,0.0032561025582253,0.7954046726226807,0.0764928013086319,0.031950794160366,0.0570622682571411
SE-Lnn,0.002411393681541,0.002411393681541,0.7071635723114014,0.1834978759288787,0.0240164939314126,0.049105942249298
SE-Nor,0.0012764398707076,0.0012764391722157,0.8861480951309204,0.0440742634236812,0.0217171628028154,0.0357272885739803
SE-Ros,0.0011657379800453,0.001165737514384,0.9060176610946656,0.0654476657509803,0.018483493477106,0.0341429002583026
SE-Svb,0.0015357579104602,0.0015357577940449,0.899466335773468,0.0720795020461082,0.0235240031033754,0.0391887463629245
SJ-Adv,0.0004045148671139,0.0004045148962177,-3.994962215423584,0.0742236226797103,0.0173085145652294,0.0201125554740428
US-A32,0.0020701424218714,0.002070142654702,0.735126256942749,0.1240434497594833,0.0312718823552131,0.0454988218843936
US-AR1,0.0009323009289801,0.0009323010453954,0.3641673922538757,0.0359043292701244,0.0177198462188243,0.0305336043238639
US-AR2,0.0016654999926686,0.0016654997598379,0.1677321791648864,0.047275673598051,0.0224104523658752,0.0408105365931987
US-ARM,0.0024729405995458,0.0024729399010539,0.595072865486145,0.0674505457282066,0.0284923519939184,0.0497286617755889
US-ARb,0.0028391201049089,0.0028391201049089,0.1831356287002563,0.084808625280857,0.0313391126692295,0.0532833933830261
US-ARc,0.0032631352078169,0.0032631356734782,0.6447311639785767,0.1010336950421333,0.0371398851275444,0.0571238622069358
US-Atq,0.0031998045742511,0.0031998057384043,0.759324848651886,0.0898844301700592,0.0350058376789093,0.0565668269991874
US-BZB,0.0004310352960601,0.0004310354415792,0.8872200846672058,0.0225156415253877,0.0122043564915657,0.0207613930106163
US-BZF,0.0008040115935727,0.0008040111279115,0.829299807548523,0.0310292560607194,0.0162395946681499,0.0283550899475812
US-BZS,0.0015018577687442,0.0015018575359135,0.731177568435669,0.0482055246829986,0.0224345158785581,0.0387538075447082
US-BZo,0.0012813649373129,0.0012813644716516,0.6411552429199219,0.0431714467704296,0.019736161455512,0.0357961505651474
US-Bi1,0.0109282899647951,0.0109282862395048,0.5620160102844238,0.1415657103061676,0.0609136931598186,0.1045384407043457
US-Bi2,0.0019914202857762,0.0019914198201149,0.8804391026496887,0.0724802613258361,0.0226666610687971,0.0446253269910812
US-Blo,0.0047786678187549,0.0047786636278033,0.771782398223877,0.0669374540448188,0.0382146537303924,0.0691278800368309
US-CF1,0.0029980747494846,0.0029980747494846,0.783617377281189,0.0887423753738403,0.0248375758528709,0.0547546781599521
US-CF2,0.0040285624563694,0.0040285619907081,0.792878270149231,0.0964399725198745,0.0302117075771093,0.0634709522128105
US-CF3,0.0001149984018411,0.0001149984018411,0.1024030447006225,0.0259808767586946,0.0064844684675335,0.0107237305492162
US-CF4,0.0023065586574375,0.0023065588902682,0.8154526352882385,0.0785721689462661,0.0234911758452653,0.0480266474187374
US-CRT,0.0203351061791181,0.0203350987285375,-3.1663970947265625,0.3934047222137451,0.072582721710205,0.142601191997528
US-CS1,0.0002689074317459,0.0002689073444344,0.2365309596061706,0.0372048839926719,0.0112222712486982,0.0163983944803476
US-CS3,0.000866127142217,0.0008661270258016,0.4760158658027649,0.0585864558815956,0.0170760843902826,0.0294300355017185
US-CS4,0.000309557392029,0.0003095574502367,-6.079378128051758,0.0453585758805274,0.0133961029350757,0.0175942443311214
US-EDN,0.0034191093873232,0.0034191089216619,0.7438049912452698,0.0752610638737678,0.0380095094442367,0.0584731474518775
US-GLE,0.0008813997264951,0.0008813987951725,0.8519444465637207,0.0426399670541286,0.0180161278694868,0.029688362032175
US-Goo,0.0027228577528148,0.0027228572871536,0.7834752798080444,0.0741690993309021,0.033092200756073,0.0521810054779052
US-HB1,0.0006155735463835,0.0006155735463835,0.5547312498092651,0.0438916608691215,0.0157551486045122,0.024810753762722
US-HWB,0.0011937139788642,0.0011937138624489,0.4587919116020202,0.0430428609251976,0.0203112978488206,0.0345501638948917
US-Hn3,0.0006258598878048,0.0006258599460124,-0.978563666343689,0.0527339912950992,0.0219390094280242,0.0250171925872564
US-Ho2,0.0161896757781505,0.0161896850913763,-1.5088169574737549,0.1432520449161529,0.0640371888875961,0.1272386908531189
US-IB2,0.0005076936213299,0.0005076933884993,0.9056427478790284,0.0362915024161338,0.0124612068757414,0.0225320532917976
US-ICs,9.679948561824858e-05,9.679948561824858e-05,0.8361163139343262,0.011626336723566,0.0056547028943896,0.0098386732861399
US-ICt,6.066395144443959e-05,6.0663969634333625e-05,0.6179580688476562,0.0088011883199214,0.0040680686943233,0.0077887079678475
US-Ivo,0.0075516114011406,0.0075516132637858,0.7002601623535156,0.2143953591585159,0.0597712323069572,0.0869000181555748
US-Jo2,0.0010503388475626,0.0010503387311473,0.2139403223991394,0.0331575535237789,0.0148786259815096,0.0324089303612709
US-KFS,0.0011036997893825,0.0011037001386284,0.4447935819625854,0.054051898419857,0.0206707920879125,0.0332219824194908
US-KLS,0.0064608692191541,0.0064608706161379,-1.846830368041992,0.0678474232554435,0.0286001097410917,0.0803795382380485
US-KS1,0.00116136088036,0.0011613607639446,0.7596123218536377,0.0370133444666862,0.0219729151576757,0.0340787433087825
US-KS2,0.0566747114062309,0.056674737483263,-4.714115142822266,0.1791267246007919,0.1108203828334808,0.2380645722150802
US-KS3,0.0006753265624865,0.0006753265624865,0.0306256413459777,0.0496487766504287,0.0185232777148485,0.0259870458394289
US-LWW,0.0048830625601112,0.0048830625601112,-1.122255802154541,0.1155903339385986,0.0456278659403324,0.069878913462162
US-Lin,0.008994149044156,0.0089941481128335,0.3782577514648437,0.1417443603277206,0.0661649033427238,0.0948374792933464
US-Los,0.3191271722316742,0.3191271722316742,-40.96941757202149,0.8839129209518433,0.4561123251914978,0.5649133920669556
US-MOz,0.0008226298377849,0.0008226306526921,0.8399906158447266,0.0340028405189514,0.0164890605956316,0.0286815389990806
US-Me1,0.0031235599890351,0.0031235599890351,0.6180920600891113,0.1009002402424812,0.0364908538758754,0.0558888167142868
US-Me2,0.0010965189430862,0.0010965173132717,0.822075605392456,0.049504417926073,0.0216223821043968,0.0331137031316757
US-Me3,1.127851486206055,1.1278512477874756,-172.63766479492188,1.9234853982925413,1.0006800889968872,1.0620033740997314
US-Me4,0.0118221417069435,0.0118221417069435,-2.239201068878174,0.1875290870666504,0.0871974304318428,0.108729675412178
US-Me5,0.0035813560243695,0.0035813569556921,0.8487789630889893,0.0997375100851059,0.0390266515314579,0.0598444379866123
US-Me6,0.0023684655316174,0.0023684659972786,0.8055109977722168,0.0805050209164619,0.0331509746611118,0.0486668869853019
US-Mpj,0.0046603865921497,0.0046603875234723,-0.107296347618103,0.149434819817543,0.0410106033086776,0.0682670325040817
US-Myb,0.0035115554928779,0.0035115578211843,0.7485166788101196,0.098063014447689,0.0325360335409641,0.0592583976686
US-NC1,0.004718140233308,0.0047181425616145,0.6563517451286316,0.078524962067604,0.0438899397850036,0.0686887353658676
US-NC4,0.0012212560977786,0.0012212572619318,0.756321907043457,0.0522560440003871,0.0221329201012849,0.0349464900791645
US-NR1,0.002094795461744,0.0020947952289134,0.8924896717071533,0.0875758379697799,0.02573655359447,0.0457689315080642
US-ONA,0.0006452456582337,0.0006452456582337,0.8228914141654968,0.0331486165523529,0.0151216872036457,0.0254016853868961
US-OWC,0.002554036444053,0.0025540362112224,0.5274906158447266,0.075916089117527,0.0397863909602165,0.0505374744534492
US-Oho,0.0015151157276704,0.0015151157276704,0.9036687016487122,0.0486056692898273,0.0213903039693832,0.0389244891703128
US-Prr,0.0006326063303276,0.0006326065049506,0.8531316518783569,0.0423785783350467,0.0147145958617329,0.0251516699790954
US-Ro1,0.0015738413203507,0.0015738422516733,0.7807484269142151,0.0626420155167579,0.0152873257175087,0.0396716818213462
US-Ro4,0.0007778652361594,0.0007778654107823,0.9311330914497375,0.0483519881963729,0.0149259530007839,0.0278902389109134
US-Ro5,0.0017769432161003,0.0017769440310075,0.881615161895752,0.1156859025359153,0.0184160713106393,0.042153812944889
US-Ro6,0.002971424954012,0.0029714242555201,0.5367985963821411,0.1111077517271041,0.027519354596734,0.0545107722282409
US-SRC,0.001280732336454,0.0012807322200387,0.0257454514503479,0.0582142807543277,0.0208089724183082,0.0357873179018497
US-SRG,0.0025932602584362,0.0025932604912668,0.4548799991607666,0.0613311938941478,0.0249632652848958,0.0509240664541721
US-SRM,0.0009359412360936,0.0009359421092085,0.6349976658821106,0.0512356385588645,0.0171467587351799,0.0305931717157363
US-Seg,0.0017487203003838,0.0017487200675532,0.3147023320198059,0.0753409639000892,0.0219634659588336,0.0418176986277103
US-Ses,0.0020703831687569,0.0020703843329101,0.0579726099967956,0.0645728036761283,0.0257873237133026,0.0455014780163764
US-Sne,0.003097916021943,0.0030979164876043,0.3051732182502746,0.0841944217681884,0.0343456678092479,0.0556589290499687
US-Snf,0.0125582814216613,0.0125582842156291,0.5802225470542908,0.0986881256103515,0.0664981454610824,0.1120637506246566
US-Syv,0.0027257662732154,0.002725766506046,0.85866379737854,0.0987871214747428,0.031558696180582,0.052208874374628
US-Ton,0.0004277181869838,0.0004277178959455,0.6163093447685242,0.0264944583177566,0.0118193104863166,0.0206813421100378
US-Tw3,0.0050550238229334,0.0050550233572721,0.540484607219696,0.0987951382994651,0.0403308235108852,0.0710986852645874
US-Tw4,0.0078256139531731,0.0078256130218505,0.3079431056976318,0.1605513542890548,0.055473543703556,0.0884624943137168
US-Twt,0.003096274100244,0.0030962734017521,0.7865933775901794,0.0950846448540687,0.0311080515384674,0.0556441694498062
US-Var,0.0003101251204498,0.0003101252077613,0.8573230504989624,0.0191657952964305,0.0093496991321444,0.0176103729754686
US-WCr,0.0008692182018421,0.0008692184928804,0.8889903426170349,0.028118597343564,0.0153411328792572,0.0294825118035078
US-WPT,0.0017419724026694,0.0017419732175767,0.7378729581832886,0.0605071149766445,0.025929907336831,0.0417369529604911
US-Whs,0.0008455042843706,0.0008455047500319,0.3153371810913086,0.0383540764451026,0.017723323777318,0.0290775652974843
US-Wi0,0.0001593123597558,0.0001593123597558,-3.741506099700928,0.0332246609032154,0.009159074164927,0.0126219000667333
US-Wi1,0.0018077221466228,0.0018077221466228,-4.997745037078857,0.1151315048336982,0.0321764312684536,0.042517315596342
US-Wi2,0.0269579831510782,0.0269579831510782,-288.29461669921875,0.3989688456058502,0.1573576033115387,0.1641888618469238
US-Wi3,0.0018648343393579,0.0018648339901119,0.7646200656890869,0.0788089856505394,0.0296158380806446,0.0431837253272533
US-Wi4,0.0021987014915794,0.0021987019572407,0.7316730618476868,0.0562147200107574,0.0291206389665603,0.0468903183937072
US-Wi5,0.0001578232913743,0.0001578233059262,-0.8319315910339355,0.0256184134632349,0.0095320735126733,0.0125627750530838
US-Wi6,0.0009057188872247,0.0009057187126018,-0.1189554929733276,0.0454022735357284,0.0178860500454902,0.0300951618701219
US-Wi7,0.0023133587092161,0.0023133584763854,-0.8889147043228149,0.0734338909387588,0.0352620147168636,0.0480973869562149
US-Wi8,0.0019832821562886,0.0019832821562886,-1.4615845680236816,0.0794997736811637,0.0318460427224636,0.0445340573787689
US-Wi9,0.0029630782082676,0.0029630775097757,0.3102471232414245,0.0835466086864471,0.0391707308590412,0.0544341579079628
US-Wjs,0.0010015516309067,0.0010015515144914,0.7455217838287354,0.0491228885948658,0.0180989485234022,0.0316472984850406
US-Wkg,0.0013828438241034,0.0013828434748575,0.6829254627227783,0.0401558354496955,0.0197588875889778,0.0371866039931774
US-xAE,0.00368098821491,0.0036809879820793,0.6466363072395325,0.0699291825294494,0.028457373380661,0.0606711469590663
US-xBR,0.0011186453048139,0.001118644955568,0.8250980973243713,0.0357916578650474,0.019050108268857,0.0334461517632007
US-xCL,0.0003516421129461,0.0003516421711537,0.8097010850906372,0.0300670471042394,0.0107363034039735,0.0187521241605281
US-xCP,0.0006754113128408,0.0006754113710485,0.724090039730072,0.0914407670497894,0.0165971461683511,0.0259886775165796
US-xDC,0.000840128515847,0.0008401283994317,0.6494420766830444,0.0357463248074054,0.0163197387009859,0.0289849676191806
US-xDL,0.0019762958399951,0.0019762958399951,0.8454124927520752,0.0544050335884094,0.0278428625315427,0.0444555506110191
US-xDS,0.0017339992336928,0.0017339994665235,0.8543869256973267,0.0421141795814037,0.0233468264341354,0.0416413210332393
US-xGR,0.0045828041620552,0.0045828041620552,0.8095993995666504,0.1169462502002716,0.0406310595571994,0.0676964148879051
US-xHA,0.0029094077181071,0.0029094095807522,0.7874106168746948,0.0666300728917121,0.0312199722975492,0.0539389438927173
US-xHE,0.0005285770748741,0.0005285771330818,0.861918568611145,0.04813914000988,0.0137806851416826,0.0229908060282468
US-xJE,0.0025037901941686,0.0025037892628461,0.7183616161346436,0.0852349698543548,0.0301123354583978,0.0500378794968128
US-xKA,0.0052736639045178,0.0052736634388566,-0.2965997457504272,0.0723685324192047,0.0344796404242515,0.0726199969649314
US-xKZ,0.0010599712841212,0.0010599715169519,0.8576765060424805,0.0438275597989559,0.0177608020603656,0.0325572043657302
US-xMB,0.0025653187185525,0.0025653180200606,-2.1825406551361084,0.1035570576786995,0.0401865802705287,0.0506489686667919
US-xML,0.0004046046524308,0.0004046045942232,0.4902160167694092,0.0194934643805027,0.0104137398302555,0.0201147850602865
US-xNG,0.0056659406982362,0.0056659402325749,-3.219620704650879,0.0548845119774341,0.0181697662919759,0.0752724409103393
US-xNQ,0.0011002307292073,0.001100230612792,0.4024112224578857,0.0436299443244934,0.0216313190758228,0.0331697240471839
US-xRM,0.0017138636903837,0.001713864156045,0.7537754774093628,0.0707014054059982,0.0236282180994749,0.0413988418877124
US-xSB,0.0010250250343233,0.0010250250343233,0.8489722013473511,0.0412031635642051,0.0188850220292806,0.0320160128176212
US-xSE,0.0014578936388716,0.0014578937552869,0.780303955078125,0.0575660057365894,0.0230524558573961,0.0381823740899562
US-xSR,0.0006124772480688,0.0006124771898612,0.6137536764144897,0.0157961845397949,0.0140201356261968,0.0247482769191265
US-xST,0.0015906509943306,0.0015906508779153,0.9042121171951294,0.0694621205329895,0.021279938519001,0.0398829653859138
US-xTA,0.0008738081087358,0.0008738078759051,0.8127021789550781,0.0521223694086074,0.0178085882216691,0.0295602418482303
US-xTR,0.0013455040752887,0.0013455044245347,0.8679627776145935,0.0439219065010547,0.0213210359215736,0.0366811193525791
US-xUK,0.0009003554005175,0.0009003554005175,0.848993182182312,0.0397512689232826,0.017586912959814,0.0300059225410223
US-xUN,0.0012792369816452,0.0012792374473065,0.8742618560791016,0.0611121617257595,0.0194153860211372,0.0357664301991462
US-xYE,0.000858144077938,0.000858144077938,0.7532516717910767,0.0354960970580577,0.0158110857009887,0.0292940959334373
ZM-Mon,0.0011757187312468,0.0011757184984162,0.8533262610435486,0.0428122319281101,0.0221788324415683,0.034288752824068
