site,ensemble_mse_scaled,full_mse_scaled,ensemble_rmse_scaled,full_rmse_scaled,ensemble_r2,full_r2,ensemble_relative_error,full_relative_error,ensemble_mae,full_mae,O_hat_count
AR-SLu,0.0032272753205657,0.0032645713593111,0.0568091130063281,0.0571364276036854,0.9338600943020272,0.9330957478361986,0.1276862879207188,0.1305558773776363,0.035041205726889,0.0355394030860573,52
AT-Neu,0.003430668972367,0.0034300483234665,0.0585719128283093,0.0585666144101444,0.7553563416681557,0.7554006006213774,0.104686035181213,0.1048631149090468,0.0408776182240772,0.0408869447732817,52
AU-ASM,0.0020373427143563,0.0020343834567239,0.045136932930322,0.0451041401284179,0.4300364667635459,0.4308643436465317,0.1516276863934115,0.1523813579913426,0.0339237584181138,0.0340570439484954,52
AU-Cpr,0.0023881988432235,0.0023632585292153,0.0488692013769767,0.0486133575184363,-1.1248528975077874,-1.1026627441897627,0.0810663561567815,0.0815294739789451,0.0353426812638996,0.0355423826319643,52
AU-Cum,0.0005072167891709,0.0005076105065022,0.0225214739564467,0.0225302131925607,0.7224636420816615,0.7222482097921175,0.044190301148733,0.0449048169517101,0.0151356665787262,0.015354228707297,54
AU-DaP,0.0046844852690885,0.0046622618720484,0.068443299665406,0.0682807576997242,0.5355434168745405,0.5377468186277293,0.182160496646396,0.1821805198023807,0.0546477515307304,0.054589820027312,52
AU-DaS,0.0009985434328292,0.0009870236246167,0.0315997378601347,0.0314169321324776,0.6707969025776703,0.6745947910025425,0.0415272250838372,0.0413983020190767,0.0211448940017844,0.0210838186734507,52
AU-Dry,0.0026362166257299,0.0026647905593758,0.0513441002037232,0.0516216094225646,0.6504925029656314,0.6467041936394897,0.0891127686646091,0.0897973524133564,0.0392879893100239,0.0395569168640675,52
AU-Emr,0.004207377899305,0.0041326839474496,0.0648643037371484,0.0642859545114608,0.155433243794856,0.1704269120928961,0.0980070457934983,0.0967096875583296,0.0406554014280759,0.0401187730337072,52
AU-GWW,0.0037700348862413,0.003799480424997,0.0614006098197836,0.061639925575856,0.6294689150729225,0.6265749133592373,0.0887149093475213,0.0897444814086176,0.0412262709771249,0.0416113848508521,52
AU-Gin,0.0069326262753168,0.0067855278687443,0.0832623941243394,0.0823743155889281,0.8362652548547742,0.839739424549623,0.1312285983216984,0.1311642178083772,0.0570676379612407,0.056671494215966,52
AU-How,0.0012573163098501,0.0012595403248387,0.0354586563458082,0.0354900031676351,0.7350128590665841,0.7345441342368719,0.0557036069702219,0.0558657897772669,0.025116264735381,0.0251793230262091,52
AU-Lox,0.0053061726311681,0.0050379863530676,0.0728434803614443,0.0709787739614288,-0.7093047107149004,-0.6229124840817821,0.2811857267521092,0.2777578861623476,0.0548583639711829,0.0537903074724896,52
AU-RDF,0.0042915488383904,0.0043605152378108,0.0655099140465809,0.066034197487445,-6.611496037748855,-6.733814924401338,0.1548886684196744,0.1570594682523792,0.0510778461190922,0.0518212797134798,52
AU-Rig,0.0121888306928478,0.0122136895094298,0.110403037516401,0.1105155622952253,0.5029087008185797,0.5018948954961298,0.4268253424796665,0.4303505169229135,0.0917348188177669,0.0920299954352997,52
AU-Rob,0.0055307868619039,0.0053327665816178,0.0743692601946795,0.0730257939471925,0.6302362391848334,0.6434749926180229,0.1249945256858044,0.1225335323379443,0.0515260305375082,0.0505950626647197,52
AU-Stp,0.0033452650681951,0.0033441653534839,0.0578382664694848,0.0578287588789863,0.4486803090074472,0.4488615485691548,0.1267322280280825,0.1269879680884878,0.0424963974537606,0.0425573093664802,52
AU-TTE,0.0015796984902799,0.0015778717276037,0.0397454209976433,0.0397224335559106,0.1520620444350484,0.1530425995336766,0.1111133414357314,0.1107055860090229,0.0255741862035331,0.0255190295744431,52
AU-Wac,0.0037066856607982,0.0037194495701955,0.0608825562932297,0.0609872902348968,0.3069308291058286,0.304544257134841,0.0942956390856887,0.0944551983837593,0.0351367340817003,0.0352438908837485,52
AU-Whr,0.0015031745685421,0.0014954464879116,0.0387707953044838,0.0386710031924657,0.8088746956482048,0.8098573039183744,0.0724870730635536,0.0720538279676026,0.0269462431499492,0.0268011447408798,52
AU-Wom,0.0036644302589501,0.0036361308015042,0.0605345377363216,0.0603003383199814,0.8616812472476827,0.8627494475901308,0.1154883037956334,0.1152025548140289,0.0430887580488858,0.0429629967791084,52
AU-Ync,0.0023018462197895,0.0023073309420758,0.0479775595439113,0.0480346847816855,-0.7769975593339522,-0.7812316988836121,0.1096928636855402,0.1106542431707483,0.0345766591571499,0.0349825122771529,52
BE-Bra,0.0012820249294022,0.0012776874416061,0.0358053757053632,0.0357447540431626,0.6322751968915001,0.6335193239043204,0.0927596775338109,0.0923498828466969,0.0196097073433647,0.0195334028996134,52
BE-Dor,0.0023719827468313,0.00232305789058,0.0487030055215422,0.0481981108611122,0.824520478701618,0.828139944469673,0.0748055529486392,0.0749204249163465,0.0294620802738641,0.02940134981065,52
BE-Lcr,0.00304362440895,0.0031156814431452,0.0551690530003011,0.0558182895039364,0.716064525819581,0.7093424256445088,0.0922912746194492,0.0962484752397567,0.0404256852614662,0.0414208311126169,52
BE-Lon,0.0061380635297594,0.0062055517532063,0.0783457945888576,0.0787753245198412,0.4976297338933511,0.492106155225964,0.317255175358623,0.3227738908948375,0.0470500412646672,0.0476764892897361,52
BE-Maa,0.0040955492716913,0.00409435113148,0.0639964785882111,0.0639871169180175,0.6328834021529808,0.6329908009727594,0.0660339528798081,0.0664828328341938,0.0383200549891741,0.0384716421128139,52
BE-Vie,0.0025867574987726,0.0025655926730526,0.050860175960889,0.0506516798640741,0.7759797418288087,0.7778126734910078,0.0875332732117248,0.0881412217886604,0.0344691941211532,0.0347473164469929,52
BR-Npw,0.0038277089199949,0.0038442719213971,0.0618684808282451,0.0620021928757136,0.5209563508593366,0.5188834657998135,0.1332653010649301,0.1329959238856684,0.0359306993572099,0.0359403226124292,52
BR-Sa3,0.0072877430017286,0.007294682654062,0.0853682786620926,0.0854089143711713,0.717075581594683,0.7168061707359449,0.1486374679631579,0.1487797636816491,0.0551425288901756,0.0551862740166015,52
CA-ARB,0.0062512036839468,0.0062583336645183,0.0790645539034203,0.0791096306685751,0.6192977553096377,0.6188635349985729,0.3139283256956751,0.3138420923607647,0.0566998132797742,0.0566938307101018,52
CA-ARF,0.0062946719044536,0.006339938654485,0.0793389683853632,0.0796237317292092,0.6390264412014061,0.6364305791609204,0.2600001385516752,0.260761499497563,0.0608650506914949,0.0609137279662772,52
CA-DB2,0.0001466301910339,0.0001524919835736,0.0121090953846254,0.0123487644553457,-0.0848333907645548,-0.1282014599998959,0.0202783911535332,0.0207891415164944,0.0082650780237508,0.0084751963579901,52
CA-DBB,6.306118359565953e-05,6.389278263667266e-05,0.0079411072021261,0.0079932961059047,0.4775946308257417,0.4707055783333093,0.0123157775816778,0.0123362221864876,0.0049780854083315,0.0049866222023476,52
CA-Gro,0.0020245617817924,0.0020267782327805,0.0449951306453538,0.0450197538063076,0.6136169512476357,0.6131939465767524,0.0971166075854545,0.0970238751885093,0.0335366067365786,0.0335116011143123,52
CA-LP1,0.0045144451677867,0.0044885934521795,0.0671896209826095,0.0669969659923462,0.5428228153600838,0.5454408147199417,0.0981660444159354,0.0981439377078902,0.0402285807211715,0.0401208356985529,52
CA-NS1,0.0045884259162575,0.0045832646527502,0.067737920814397,0.0676998127970101,0.6849287444416299,0.685283150463039,0.108119689363637,0.1082291731002305,0.0510815691514021,0.0512112729143882,52
CA-NS2,0.0035504195380475,0.0035025859363246,0.0595853970201384,0.0591826489464996,0.690903239469407,0.6950675955908789,0.1135206225722138,0.1133032916039423,0.0439508808441843,0.0437278264767398,52
CA-NS3,0.0032462584396161,0.0032636676142325,0.0569759461493722,0.0571285183969665,0.6104820950099898,0.6083931716077675,0.1185235797021182,0.1192375474428295,0.039576927046052,0.0397411175945604,52
CA-NS4,0.0026828387302472,0.0026751543530304,0.0517961265950189,0.0517218943294852,0.6563626880351509,0.6573469584279747,0.0741326907492562,0.0743959806207494,0.0399384075780186,0.0400042542651132,52
CA-NS5,0.0056038192693638,0.0055330802962529,0.0748586619528017,0.0743846778325546,0.7052518014219795,0.7089725111543022,0.1661521329966911,0.1678491731009982,0.0554950740022345,0.0556888716344117,52
CA-NS6,0.0071618934502849,0.0071356934469891,0.0846279708505701,0.084473033845063,0.6513591735480706,0.6526345891718144,0.2406804865913498,0.243353841582288,0.0583647111300192,0.0586030182655455,52
CA-NS7,0.0036211932193839,0.003589406961467,0.0601763509975803,0.0599116596454066,0.5744816582557477,0.5782167905559717,0.1388407147820997,0.1391777040637573,0.0465478046934286,0.0466250617217158,52
CA-Oas,0.005513756816733,0.0054407568194591,0.0742546753863556,0.0737614860171565,0.6341455046918377,0.6389892760165143,0.2337397231768188,0.232000258881977,0.0551693149430728,0.0547078388495234,52
CA-Obs,0.0055686869465838,0.0055464969271253,0.0746236353080162,0.0744748073319113,0.7337330367951083,0.7347940533599363,0.1761826369696212,0.1748281188568333,0.0539037621098412,0.0536117843936693,52
CA-Qfo,0.002032701891371,0.0020193238710677,0.0450854953546155,0.0449368876433128,0.6812039548876716,0.6833020785634744,0.0598749028823956,0.0596038734791667,0.0329394812656012,0.0327943764790737,52
CA-SF1,0.0042535331899235,0.0042579550254823,0.0652191167520965,0.0652530077887778,0.7563594191472762,0.7561061382779717,0.1106740603313593,0.1108874938877652,0.0501794936243692,0.050302720280814,52
CA-SF2,0.0271461430645479,0.0316374629221475,0.164760866301886,0.1778692298351447,-0.6926039273754527,-0.9726446540450312,0.2310609746390232,0.2439059008264302,0.1103485703246873,0.1167004331848883,52
CA-SF3,0.0014039312662392,0.0013924958437644,0.0374690707949797,0.0373161606246474,0.6455705216352791,0.6484574513020354,0.0527367501548396,0.0525117649690974,0.0263804331577832,0.0262591965269337,52
CA-TP1,0.0053265193776611,0.0053288555571256,0.0729830074583198,0.0729990106585401,0.6013647804688746,0.6011899414515618,0.0850204045140854,0.0851987220520745,0.0465523039238034,0.0466174854858455,52
CA-TP4,0.0036219485610641,0.0036162387036599,0.0601826267378233,0.060135170272146,0.7001073224798953,0.700580091321398,0.089332867981191,0.0892816020437962,0.0432647362169977,0.043224974709052,52
CA-TPD,0.0035950481925976,0.0035744165129449,0.059958720738502,0.059786424152519,0.6813648075469888,0.6831934281563927,0.1166833085524193,0.1158195604096206,0.0447328776871436,0.0444682038178249,52
CH-Aws,0.0026587626865942,0.0026463144943443,0.0515631911987056,0.0514423414547231,0.6758635277739697,0.6773811183215707,0.0659194114009196,0.0661207231539436,0.0342195392923439,0.034299631596479,52
CH-Cha,0.0036301479477977,0.0036415490074956,0.0602507091061821,0.0603452484251715,0.693157968043331,0.6921942816111342,0.1056875638990373,0.1060932269332965,0.038028237363619,0.0381981955204852,52
CH-Dav,0.0004858617421668,0.0004865477922691,0.0220422717106665,0.0220578283670251,0.6733739910943626,0.6729127862136899,0.0316838312106335,0.0317322025965176,0.0151509957852351,0.0151736962794903,52
CH-Fru,0.0031378940720242,0.0031434574608128,0.056016908804612,0.0560665449337912,0.6695639545887327,0.6689781017370442,0.0942919387983717,0.09454733786408,0.0367990204902073,0.0369249850262729,52
CH-Lae,0.0016591602966577,0.001659318068709,0.0407327914174534,0.0407347280426544,0.6528784849459497,0.6528454766383303,0.0651675954973641,0.0654416989270003,0.0267983384661968,0.026899343261735,52
CH-Oe1,0.0075654906516243,0.0075445601546768,0.0869798289928435,0.0868594275520902,0.4342054499395784,0.4357707629705852,0.1885185967126258,0.1882198754175681,0.0537785413291287,0.0537022284395894,52
CH-Oe2,0.0021186155873342,0.0021167810839887,0.0460284215168654,0.0460084892600127,0.5323742408026095,0.5327791566471038,0.0610646033361815,0.0613241621828174,0.0280483686389943,0.0281451544572305,52
CN-Cha,0.0064460091236325,0.006423777906283,0.0802870420655323,0.080148474135713,0.6989003850244258,0.6999388277036065,0.1760929203850194,0.1767939902866301,0.0576904973963632,0.057851151043816,52
CN-Cng,0.0034873706193307,0.0035443397739564,0.059053963620834,0.0595343579284808,0.5967060753002134,0.5901179272472179,0.1708463205159389,0.1710500856598534,0.0373607442185606,0.0374850875785868,52
CN-Dan,0.0045853499833148,0.0045822538431839,0.0677152123478531,0.0676923470060239,0.6152036633341669,0.615463487204646,0.161533563473574,0.1614362066026302,0.0483461098474977,0.0482953261740502,52
CN-Din,0.0046872753363218,0.004691573483862,0.0684636789569614,0.0684950617479976,0.8399567863548573,0.8398100295941198,0.1145021648442291,0.1150045575515762,0.0438803469914945,0.0440099942451717,52
CN-Du2,0.002814694347015,0.0028034699184126,0.0530536930572705,0.0529478037166101,0.4875205427077712,0.489564206555206,0.1172211004525917,0.1145292388344108,0.0379647616544854,0.0372720759934634,52
CN-Du3,0.0004120016685169,0.0004681946968972,0.0202978242311085,0.0216378071184966,0.8869944812165592,0.8715816253730753,0.0507306467958311,0.0542603993778878,0.0152162910398629,0.0162776278935196,52
CN-Ha2,0.0108398285635565,0.0107886974080467,0.1041144973745568,0.1038686545982317,0.6716182525975505,0.6731672197324622,0.2139301540676975,0.2168494208771673,0.06914765898802,0.0695498882565689,52
CN-HaM,0.0132056191517854,0.0131823790693561,0.1149157045480964,0.1148145420639571,0.3784730388636657,0.3795668412551148,0.4623844405431619,0.4597616537342138,0.0841121952095225,0.0835912600457967,52
CN-Qia,0.002715393600636,0.0027788125540331,0.0521094386904716,0.0527144435049176,0.8377425719483043,0.8339529937945005,0.1010395616969835,0.104890798249069,0.0362839306276441,0.0371944726723826,52
CN-Sw2,0.0016978321107079,0.0017058266474593,0.0412047583503162,0.0413016542944635,0.0489990285294603,0.0445210756334683,0.0613867566795408,0.0615364491943819,0.0271895137193137,0.0273347059674722,52
CZ-BK1,0.0020823007014382,0.0021000208059798,0.0456322331410407,0.0458259839608479,0.7685151996171856,0.7665452944734472,0.0575660691112745,0.0581266330840897,0.0290574235301467,0.0293088668437861,52
CZ-BK2,0.0057718650262816,0.0058991219470715,0.0759727913550743,0.0768057416282896,0.5085080702268677,0.4976717548779769,0.2807949232960527,0.2790792939002649,0.0520718951072714,0.0518892721120929,52
CZ-KrP,0.003142771377613,0.0031570321724935,0.0560604261276441,0.0561874734482117,0.6379737733862745,0.6363310252704364,0.0700868218648308,0.0701110593364377,0.0367072613433491,0.0367436021462383,52
CZ-Lnz,0.0031645101576146,0.003149477742541,0.0562539790380613,0.0561202079695103,0.7472776464662173,0.7484781568540707,0.1119895420107184,0.1118196945549005,0.0417178659226609,0.041584067952061,52
CZ-RAJ,0.0030001772007831,0.0029959308510294,0.0547738733410664,0.0547350970678725,0.8434214598670842,0.8436430758586878,0.1129332219564707,0.1125042699256868,0.0377032351836172,0.0375914740127918,52
CZ-Stn,0.0023594697727897,0.0023573531635546,0.0485743736222072,0.0485525814303894,0.722498453928355,0.7227473922033719,0.1017345230186012,0.1021994921762137,0.0348912751113772,0.0350508844310606,52
CZ-wet,0.0047227360631683,0.0046652660378158,0.0687221657339784,0.0683027527835875,0.7249785833222693,0.7283252636316391,0.1462867798791987,0.1459883974234038,0.0493621082710833,0.0491218518268529,52
DE-Geb,0.0026375189227028,0.0026266092686556,0.0513567806886572,0.0512504562775361,0.5084337972933144,0.5104670783312861,0.0702213348437381,0.0707363170427429,0.0310319561083363,0.0312231873354754,52
DE-Gri,0.0025136734489298,0.0024985081779601,0.0501365480356381,0.0499850795534044,0.6669357808158958,0.6689451942249363,0.061076052007839,0.0607243563543415,0.0306438379992456,0.0305001652033128,52
DE-Hai,0.0047500574175985,0.0047767151442902,0.0689206603102332,0.0691137840397289,0.6250106509115165,0.6229061787543427,0.1741306991120589,0.1747685242035286,0.050734048948418,0.0508486077762291,52
DE-HoH,0.0028638005149013,0.0028799421847388,0.0535144888315433,0.0536650927953996,0.7672018152327569,0.7658896597883661,0.1079147330568806,0.1083545108925232,0.0391350357196654,0.0392649741438865,52
DE-Hte,0.0011170952141323,0.0011283407434013,0.0334229743459845,0.0335907836080273,0.686913371073034,0.683761603162132,0.0575846632380251,0.05793409176349,0.0231303854919205,0.0232613529855444,52
DE-Hzd,0.0022349145421144,0.002225779870171,0.0472748827826618,0.0471781715433217,0.6409216466245058,0.6423892924329797,0.0617357016955393,0.0613084446178141,0.0327592668096943,0.0325795227445982,52
DE-Kli,0.0029895731204734,0.0032176255366159,0.0546769889484914,0.0567241177685109,0.5722285457036955,0.5395970261596641,0.0975514054303182,0.0994442384821972,0.0351735277524971,0.0358284172056495,52
DE-Lkb,0.0056349710660159,0.0055840396192233,0.0750664443411031,0.0747264318646575,0.721978492775661,0.7244913783675323,0.1804554157168299,0.179257978234687,0.0520269691628258,0.0516806906826038,52
DE-Lnf,0.0047106936215785,0.0046936051039127,0.0686344929432612,0.0685098905553987,0.7751844465572088,0.7759999877206099,0.2171845742106473,0.2158834488370962,0.0509190554391943,0.0506901024799629,52
DE-Obe,0.0033945069156679,0.0034586773733642,0.0582623970985399,0.0588105209411056,0.6975759944260882,0.6918589087526312,0.1017978391633211,0.1032234531165082,0.0377743099046747,0.0382554656933264,52
DE-RuR,0.0018947566778383,0.0018953668075522,0.0435288028532638,0.0435358106339165,0.7859826795413308,0.7859137639238087,0.0505841332313665,0.0505418569886701,0.0267080623349462,0.026696424293681,52
DE-RuS,0.0056757786939373,0.0057122196587007,0.0753377640625025,0.0755792276932012,0.4115593527473197,0.4077813081743656,0.1901757781410888,0.1921913531971901,0.047492298888775,0.0479762742398311,52
DE-RuW,0.0009753060491046,0.0009742737906567,0.0312298903152838,0.0312133591697006,0.7646234884776301,0.7648726096562435,0.0501993980508468,0.0501850400314809,0.0215876242854472,0.0215763022541309,52
DE-Seh,0.014604867205512,0.0145219033021238,0.120850598697367,0.1205068599795206,0.0767003158429195,0.0819451800869366,0.458492743606759,0.4553571744152381,0.0833191622183332,0.0829855116920859,52
DE-SfN,0.0028287428155559,0.0028290358096936,0.053185926856227,0.0531886812178464,0.6770762991168795,0.6770428514839655,0.0767526897794389,0.0766324760797913,0.0356732299664791,0.0356469993634131,52
DE-Tha,0.0028654237618435,0.0028677579955453,0.0535296531078201,0.053551451852824,0.7893584670146484,0.7891868740475507,0.0855843041896486,0.0857066309309107,0.0344180455567318,0.0344579462344774,52
DK-Fou,0.0320987805995045,0.0318563032289673,0.1791613256244341,0.1784833416007424,0.4365462162435597,0.4408026019801139,0.38474519646802,0.3867341317090535,0.1039164680758164,0.1037146168905076,52
DK-Gds,0.0010614783923039,0.0010705371149204,0.0325803375105904,0.0327190634786581,0.3109180467833885,0.3050373785385482,0.1131699857033704,0.1140102135250381,0.0196819165260815,0.0198623875262843,52
DK-Skj,0.0008009245445033,0.000800306612502,0.0283006103203336,0.0282896909227031,0.6559367691204099,0.656202221942767,0.0485419810143751,0.0483989240161601,0.0153523639477234,0.0152897228775046,52
DK-Sor,0.0070522605716077,0.0103792660368588,0.0839777385478306,0.1018786829364163,0.6145459817927481,0.4327024988191554,0.1631335278537478,0.1772487063343142,0.0506031488746514,0.0551081634001129,52
DK-Vng,0.0008176371610476,0.0007980248983961,0.0285943554053528,0.0282493344770485,0.543242806527241,0.5541988179135859,0.1053745456628679,0.1045251064473078,0.024283963850145,0.0239667594783712,52
ES-Abr,0.0723421255775755,0.0829401081753083,0.2689649151424317,0.2879932432806512,-4.063143545821003,-4.804884360872028,0.229100201654222,0.2361086735616066,0.0803397771355425,0.0824631316804224,52
ES-Agu,0.0064146871785712,0.0064048370602268,0.0800917422620539,0.0800302259163801,0.2343262663719469,0.2355020020983357,0.1634114617820984,0.1633489503956705,0.0564120810749189,0.0563662806204847,52
ES-Amo,0.0055215525509801,0.0055754715596874,0.0743071500663301,0.0746690803457991,0.361303855541475,0.3550668664597962,0.1729806919328298,0.1742576569936811,0.0524764703745662,0.0528434254860211,52
ES-LJu,0.0050726003488198,0.0050816939020408,0.0712221900029751,0.0712860007437708,0.3353830986280047,0.3341916526735422,0.1066898598625924,0.105782199130114,0.0472145084337275,0.0468942310354232,52
ES-LM1,0.0034984768573803,0.0034317300357997,0.0591479235255166,0.0585809699117362,0.695507213651455,0.7013165777008751,0.1062932294939382,0.1048008117774011,0.0449338903375289,0.0443312433684405,52
ES-LM2,0.0040384065726066,0.0039720391608916,0.063548458459719,0.0630241157089224,0.6925522169262212,0.6976048319200974,0.1233011303397981,0.1210190766696412,0.0478322808710533,0.0470796391412745,52
ES-LgS,0.0069821364388775,0.0069872100772916,0.0835591792616318,0.0835895332998791,0.6725305598889448,0.672292600985487,0.1422639698187968,0.1429494342263636,0.0601163577671843,0.0602943588342556,52
FI-Hyy,0.0030084202250227,0.003017971068887,0.0548490676768783,0.0549360634636946,0.8178775213460127,0.8172993363759284,0.1375894517475576,0.1375565002252195,0.0393664048749713,0.0392358726887719,52
FI-Ken,0.00594738966861,0.0057690963472983,0.0771193209812565,0.0759545676526325,0.7496130738222917,0.7571192772440851,0.2265418447733791,0.2260181862850815,0.0539845513009812,0.0534681758676116,52
FI-Let,0.0012091888379992,0.0011973400047943,0.0347733926731231,0.0346026011275791,0.696198587690819,0.6991755356651432,0.0494745017369935,0.0492761194057829,0.0235681495588105,0.0234703623801595,52
FI-Lom,0.0114464903715074,0.0112615078997147,0.1069882721213287,0.1061202520714815,0.7096672829974178,0.7143592420075885,0.2990952945504261,0.29514421231296,0.0698030596097659,0.0691600270865842,52
FI-Qvd,0.0029630154518617,0.0030766941025471,0.0544335875343684,0.0554679556369905,0.8561157839831213,0.8505955415822765,0.1827453247321498,0.1881102788066916,0.0379253270542304,0.0389425908878351,52
FI-Sii,0.0043994886173935,0.0043597068365567,0.0663286410036684,0.0660280761233945,0.6295095506467479,0.6328596604299641,0.1985309127715298,0.1992553482282228,0.0461075863089815,0.0461025177306126,52
FI-Sod,0.0026879533349536,0.0026902645159684,0.0518454755494988,0.0518677598896311,0.6792581240265538,0.6789823407662023,0.1020127081010051,0.1022635155919819,0.0391765789771395,0.039274521201677,52
FI-Var,0.0042854531509911,0.0042556124571836,0.0654633725910234,0.0652350554317512,0.5612950755444126,0.5643498888538268,0.1347190528236995,0.1360806933936615,0.0394768309080381,0.0397997585045985,52
FR-Aur,0.0015580652835137,0.0015837325096697,0.0394723356734029,0.0397961368686676,0.5063841123101391,0.4982523923125511,0.0751511172006604,0.076311869013925,0.0269510650305115,0.0272945703278544,52
FR-Bil,0.0026501949307106,0.0026667811149251,0.051480044004552,0.0516408860780401,0.7586529286574626,0.7571424635446767,0.0742139717416555,0.074585281166841,0.0323014796787533,0.0324307988960527,52
FR-EM2,0.0027018608892526,0.002696244883201,0.0519794275579547,0.051925378026559,0.6377301776378035,0.6384831806968401,0.1222744411135382,0.1242250653848127,0.0314407707463219,0.0317485147651733,52
FR-FBn,0.0048206493605363,0.0047074244307282,0.0694308962965075,0.0686106728631065,0.7163636765842429,0.7230255804913588,0.104821104986332,0.1028817344712382,0.0497356313128679,0.0488664140660605,52
FR-Fon,0.0032312155669035,0.0032251519301324,0.0568437821305335,0.0567904211124764,0.6838536825923541,0.6844469566700525,0.1001677694633611,0.0998786040694403,0.0395434197084205,0.0393921568587659,52
FR-Gri,0.0069461132401086,0.0070341887132784,0.0833433455058569,0.0838700704260967,0.5263661254255962,0.520360532632852,0.2689090527604266,0.2722250554178313,0.0504328585099058,0.0510422525780229,52
FR-Hes,0.0026728872537061,0.0026730539475655,0.0516999734400911,0.0517015855420853,0.7182759602079101,0.7182583905676553,0.1100269660964722,0.1095205458980273,0.0389368245786208,0.0388155750574324,52
FR-LBr,0.0035222432630998,0.0035285912517342,0.0593484899816316,0.0594019465315256,0.756054641196205,0.7556149888924238,0.1102912260190093,0.1099488140742271,0.0397060938785041,0.0396426038197603,52
FR-LGt,0.0018108298383386,0.0018029276398299,0.0425538463401215,0.0424608954195501,0.7360347569361105,0.7371866629329782,0.0815941869226125,0.0810148939568529,0.0318039516962765,0.0315925880666266,52
FR-Lam,0.008316498481975,0.0083453569194541,0.0911948380226375,0.0913529250733339,0.4196971397401112,0.4176834757145561,0.2114360874183909,0.213039804171718,0.0520117149682293,0.0522837148165957,52
FR-Mej,0.0013509632088064,0.0013834514460283,0.0367554514161702,0.0371947771337372,0.7633801545793986,0.7576898725500053,0.0971469424947813,0.0991365601572609,0.0258784353311424,0.0263559544149774,52
FR-Pue,0.006561649503362,0.0065379860739983,0.0810040091807934,0.0808578139328436,0.4962705047190016,0.4980871161250048,0.2099678901956825,0.2086497131509319,0.0547905659795486,0.0545995478947554,52
FR-Tou,0.0031388374475468,0.0032104507892503,0.0560253286250677,0.0566608399977474,0.7022426980289453,0.6954492925827893,0.0903812658410861,0.091292123459798,0.0402981916155822,0.0406185974771409,52
GF-Guy,0.0039739263952963,0.0039710000714286,0.0630390862504871,0.0630158715835039,0.7492325886049538,0.7494172489605336,0.1629353898487874,0.1631873778640542,0.041962028680366,0.042010201936057,52
GH-Ank,0.001443170652309,0.0014770159049419,0.0379890859630632,0.0384319646250615,0.7335914051458696,0.727343588103576,0.0691160897166168,0.070149287768516,0.0287562868563734,0.0291612351889917,52
GL-NuF,0.0069129257516994,0.00685838274844,0.083144006108074,0.0828153533376512,0.630430186353957,0.6333460932035745,0.1795028748966169,0.1783346263846313,0.0595935192368608,0.059261303643209,52
GL-ZaF,0.0055247261153593,0.0055321924123279,0.0743285013662951,0.0743787094021399,0.7244111652826084,0.724038725447895,0.3113546145963305,0.3141959410495863,0.0573947889669452,0.0577913542761689,52
GL-ZaH,0.0048004490822256,0.0047762752694925,0.0692852731987517,0.0691106017156018,0.4204274776203828,0.4233460540663128,0.1401190080781974,0.1396328454134771,0.0534427616131312,0.0532684238793475,52
IL-Yat,0.0048837038124467,0.0048393788985241,0.0698835017185515,0.0695656445274829,0.3846908518929659,0.3902754504012079,0.1910618501647069,0.1888406583084318,0.0535561113952963,0.0532021496566921,52
IT-BCi,0.0041354443023005,0.0042171639440365,0.0643074202740287,0.0649396946715682,0.3372022969047019,0.3241048914311908,0.1217989574064833,0.1235920750378175,0.0440515012672805,0.0445921439616827,52
IT-BFt,0.0014200733113712,0.0014208086828893,0.0376838600911747,0.0376936159434105,0.8370614397889682,0.8369770635983732,0.0582872448981184,0.058467350462106,0.0233620388438948,0.0234356995685701,52
IT-CA1,0.037189543503419,0.0489362697013634,0.1928459061100833,0.2212154373034653,-0.827603886621961,-1.4048726678984345,0.3297570123385256,0.364909328714806,0.0731357951267077,0.0791726966591436,52
IT-CA2,0.0064140511140635,0.0061604598639484,0.0800877713141249,0.0784885970313421,0.3559653133908725,0.3814284034708117,0.290307363739464,0.2892762821938267,0.0582549124923054,0.0577301497186549,52
IT-CA3,0.0474789661878818,0.0494904043197461,0.2178966869593979,0.222464388879987,0.4711904205338533,0.4487874948167221,0.2496842743880507,0.2690898702133517,0.1356154862414026,0.1404087015418114,52
IT-Col,0.0058060820059536,0.0057838584980279,0.0761976509214924,0.0760516830716319,0.6905574079840178,0.6917418383605021,0.2324072337904308,0.233485419714439,0.0584018367638582,0.0583285472563,52
IT-Cp2,0.0085275566555156,0.0091064813982705,0.0923447705910608,0.0954278858524621,0.5233618786786254,0.4910035358472499,0.1328163231410243,0.138364371533622,0.0612199016866819,0.0643803359596818,52
IT-Cpz,0.0056456173343573,0.0056460455037444,0.075137323178014,0.075140172369675,0.7608211629000362,0.7608030233326455,0.1230053191779411,0.1230601581960785,0.051030450322311,0.0510386574588837,52
IT-Isp,0.0034676070065198,0.0035925609909447,0.0588863906732264,0.0599379761999411,0.7887337324488815,0.7811208276833053,0.1765815274142358,0.1849670271530586,0.0446014603748067,0.0459719785541278,52
IT-La2,0.0031654155265802,0.0031837900745119,0.0562620256174645,0.0564250837350902,0.3164593405156255,0.3124915358133675,0.1163902346255434,0.1166028580834452,0.0404952569876864,0.0405787370052756,52
IT-Lav,0.0035829964080457,0.0035889360078798,0.059858135688023,0.0599077291163654,0.7615386202716127,0.761143318404081,0.0826791664489969,0.0828798078179527,0.0393026725896163,0.0393922973429086,52
IT-Lsn,0.004694208348663,0.0046811600432558,0.0685142930246164,0.0684190035242828,0.7983269520096213,0.7988875346099492,0.1233132542320928,0.1218066310486287,0.0457466563528441,0.0454059189235995,52
IT-MBo,0.0047940528084977,0.0047953325235074,0.0692390988423283,0.0692483395000012,0.7246081262340758,0.7245346136699697,0.1505991464347549,0.1489975849380832,0.0526272854850856,0.0522883342017981,52
IT-Noe,0.0041801350363431,0.0042375969710317,0.0646539638099872,0.0650968276572041,0.7152385566055123,0.7113241032876404,0.1495324064505707,0.149965808964867,0.0465641544711609,0.0466393557312264,52
IT-PT1,0.0098010136980134,0.0098771142583746,0.0990000691818617,0.0993836719907985,0.6691128826464898,0.6665436897218828,0.1656925132240105,0.1656194430558843,0.0675667252022107,0.0676583370637043,52
IT-Ren,0.0031585538461233,0.0031638812121835,0.0562010128567391,0.0562483885296594,0.6870702779914672,0.6865424759461447,0.126908947074888,0.1270479364483708,0.0379384355975637,0.0379947314093237,52
IT-Ro1,0.0060449579604971,0.0060335994174387,0.0777493277173326,0.0776762474469434,0.6316911517573833,0.6323832081685099,0.1615358447888092,0.1632123006917113,0.048603533682624,0.0489320168706805,52
IT-Ro2,0.0049687571065352,0.0051225668467735,0.0704894113079068,0.0715721094196162,0.56341242701364,0.549897694908109,0.1590205222350298,0.1621358425923843,0.0496109736446772,0.0505744541826284,52
IT-SR2,0.0031759715199804,0.0032264422000887,0.0563557585343361,0.056801779902471,0.7391306167551674,0.73498503323561,0.071872522315458,0.0726636942835078,0.0366737636652738,0.0369854016355658,52
IT-SRo,0.0033313971190481,0.0033267322971872,0.0577182563756747,0.0576778319390324,0.7403168400168484,0.7406804639374727,0.1076328192233905,0.1076935724193199,0.0386359747032744,0.0386575121408124,52
IT-Tor,0.0009673979495818,0.0009652865655312,0.0311030215506764,0.0310690612270678,0.6186571355652725,0.6194894313563766,0.048091770222228,0.0478975371795415,0.0220803065248917,0.0219961495667178,52
JP-SMF,0.006993441927631,0.0069244302793945,0.0836268014910951,0.0832131616956992,0.7164634349188743,0.7192613884722228,0.1839812932086023,0.1852445151358773,0.0562433940227883,0.0563043557460154,52
MX-Tes,0.0012724969360181,0.0012724666809353,0.0356720750169951,0.0356716509421049,0.2359122770444595,0.2359304441116092,0.0291012733961822,0.0291053311193025,0.0176747199498748,0.0176760735137498,52
MY-PSO,0.0048409519898219,0.0048310814059472,0.0695769501330863,0.069505981080388,0.747523301243779,0.7480380951183574,0.1068141410540614,0.1073225496135405,0.0436978792670019,0.0438535156827003,52
NL-Hor,0.004424305228354,0.0044295636375873,0.0665154510497678,0.0665549670391876,0.7968052684952038,0.7965637659321675,0.1832522143563989,0.1838051802394536,0.0499964939236583,0.0500471984942083,52
NL-Loo,0.0033473909469628,0.0033586862657113,0.0578566413384221,0.0579541738420221,0.8082575625053839,0.8076105535412583,0.0999058301232628,0.1009870574432419,0.0391245412348251,0.0393851378554137,52
PA-SPn,0.0057323894240975,0.0057547746582709,0.075712544694374,0.0758602310718265,0.5880139848415007,0.5864051612352938,0.1286092904927667,0.128998866005745,0.0520648665886198,0.0522229073625659,52
PA-SPs,0.0067603643054495,0.0067549778639592,0.0822214345864238,0.0821886723579303,0.8224240413867214,0.8225655282161208,0.26282078589761,0.2627327465794258,0.0686511960789125,0.0682943382378265,52
RU-Che,0.0051931483030954,0.0051199504835929,0.0720635018792137,0.0715538292727436,0.4238753669827737,0.4319958874141673,0.4701725077757459,0.4578280022578893,0.0548528191270838,0.0535072989325161,52
RU-Cok,0.0133200328862465,0.0134103286717422,0.1154124468428189,0.1158029735012975,0.5294426678911887,0.5262527850818599,0.2296968158272117,0.2307353187304444,0.0873960508131063,0.0877498462910292,52
RU-Fy2,0.0027001049845575,0.0026793495844838,0.0519625344316221,0.0517624341050902,0.7663715772209269,0.7681674523484133,0.1087682804883257,0.1069083376713045,0.0362324197688363,0.0357295767693799,52
RU-Fyo,0.0048448400914221,0.0048471232307357,0.0696048855427705,0.0696212843226536,0.748506125882018,0.7483876089567338,0.1631101111593512,0.1643428907518831,0.0457015796240288,0.0458592979711271,52
RU-Ha1,0.0028088490227804,0.002769113666906,0.0529985756674695,0.0526223685033852,0.6057617318540399,0.611338819749135,0.1890104056386596,0.1875725206773858,0.0423659739395755,0.0421115869746375,52
SD-Dem,0.0061305284802156,0.0061461858235495,0.0782976914105115,0.0783976136342781,0.5303940085539993,0.5291946368744717,0.2438198015383431,0.244122141620654,0.0576742230249285,0.0577843905676989,52
SE-Deg,0.0006674642099953,0.0006818238263924,0.0258353287185454,0.0261117564785,0.5984073041230911,0.5897675643822207,0.0484117119116439,0.0486566689086382,0.0192648797883187,0.0193651284907114,52
SE-Htm,0.0032832195560951,0.0033064087202967,0.057299385302943,0.0575013801599293,0.7936142839023832,0.7921565951375347,0.0872991806786257,0.0878108823009486,0.035548369274125,0.0357120142568208,52
SE-Lnn,0.0035280642710532,0.0035668867755565,0.059397510646939,0.0597234189875002,0.5713209109386319,0.5666037644846726,0.4201477170896234,0.4135961630656761,0.0410159016320562,0.0406936837557995,52
SE-Nor,0.0019683857694305,0.0019593305992388,0.0443664937698547,0.0442643264857699,0.8244091235340987,0.825216894701319,0.0571738435724947,0.0575031658054564,0.0286408869993427,0.0287364489000957,52
SE-Ros,0.0026193671405783,0.0026185481136601,0.0511797532289708,0.0511717511295068,0.7887386321566302,0.7888046896192719,0.1462345034048437,0.1465652593923379,0.0362860029602053,0.0362984649188699,52
SE-Svb,0.0043918858075341,0.0043694820299928,0.0662713045558495,0.0661020576835004,0.7123819301695754,0.7138491202413888,0.1706737595245108,0.1695116560129883,0.0492080230669502,0.0490040921869664,52
SJ-Adv,0.000463403462541,0.0004966888392216,0.0215268079970319,0.0222865169827322,-4.717963304232858,-5.128673576838986,0.0756168763315439,0.0786813469959808,0.0175145074873963,0.0182251464136295,52
US-A32,0.0023672875480373,0.0024178546688294,0.0486547792928643,0.0491716856415298,0.6969871393273217,0.6905145467012608,0.1479109429908669,0.1514753138820582,0.0347081490511237,0.0356410229843811,52
US-AR1,0.0009054240162592,0.0009120608956329,0.0300902644763921,0.0302003459522071,0.3819901733761813,0.3774600785284089,0.0369500030807869,0.0372795833077155,0.0182613412495069,0.0184212677370255,52
US-AR2,0.0017214196709627,0.0017357792724113,0.04148999482963,0.0416626844119697,0.1392203374940993,0.1320399542922612,0.0577599306720769,0.057802725578066,0.0270971769697816,0.0271118353839658,52
US-ARM,0.0029812886750822,0.0029808851869966,0.0546011783305289,0.0545974833394058,0.5117591860970163,0.5118252646867634,0.082779767213757,0.0828752787214135,0.0348696200932506,0.0349011045173187,52
US-ARb,0.0045928544900967,0.0049243318479881,0.0677706019605605,0.070173583690646,-0.3232945462569945,-0.4187998971996696,0.1284138608254192,0.1332712584937394,0.0474096520255989,0.0492431144682109,52
US-ARc,0.0053169905184383,0.0054668113323071,0.0729176968810613,0.0739378883408713,0.4337328876102794,0.4177767561575022,0.1351268038485205,0.1368641162839957,0.0498586878425574,0.0505022027629947,52
US-Atq,0.0052599593834088,0.0051284155736652,0.072525577442781,0.0716129567443296,0.6041148598151146,0.6140153620366837,0.132827921819597,0.1265183640703511,0.0506728964615032,0.0488620746689754,52
US-BZB,0.0008032611782262,0.0008024165958784,0.0283418626456747,0.0283269588180309,0.7897819393471386,0.7900029713950499,0.0363630819055077,0.0363939875104393,0.0195409616297503,0.0195816659365338,52
US-BZF,0.0014997818052211,0.0014813673898524,0.0387270164771464,0.0384885358237023,0.6814574557699943,0.6853685411703178,0.0500341695416888,0.0499464797685306,0.0258908401177913,0.0258329467148487,52
US-BZS,0.0019452463602307,0.0019565626196099,0.0441049471174242,0.0442330489522256,0.6517002571220962,0.6496740612053752,0.0642313692677081,0.0644583151341709,0.0289947566064001,0.0291219643429714,52
US-BZo,0.0015856276117287,0.0015935685039682,0.0398199398760067,0.0399195253474814,0.5556487711398677,0.5534234408045908,0.0535281225268197,0.053750699703855,0.0247960700585344,0.0249028234217655,52
US-Bi1,0.0086010628567851,0.0087528539181057,0.0927419153176446,0.0935566882596092,0.6551196542561075,0.6490332258017728,0.1523913235546716,0.1559140100329063,0.0602397041498133,0.0612808518616852,52
US-Bi2,0.0070284093963525,0.0070891250521164,0.0838356093575546,0.0841969420591775,0.577756341498751,0.5741087451263207,0.224565459776264,0.2261771526132762,0.0621526064886387,0.0625207284335945,52
US-Blo,0.0933964197365111,0.0977510286521482,0.3056082782525878,0.3126516090669424,-3.461257542522908,-3.669263715826239,0.2026608731529133,0.2070256896049307,0.0991016308072583,0.1009515357839311,52
US-CF1,0.005539609998732,0.005536469085203,0.0744285563391633,0.0744074531562738,0.5998268514068043,0.6000537463067366,0.2082562038397548,0.2091402194527528,0.0459159900302418,0.0460338114516641,52
US-CF2,0.0083104274482451,0.0083015932030718,0.0911615458855606,0.091113079209693,0.5724110868534779,0.5728656272866481,0.267696658507622,0.2692397084637876,0.0575332848794555,0.0578305618155171,52
US-CF3,0.0007400089853926,0.0007483708343092,0.0272031061717703,0.0273563673449032,-4.78138515781312,-4.846712836494072,0.0970793381429307,0.0969768948925204,0.0239953886863419,0.0239686803761963,52
US-CF4,0.0054491508862714,0.005489713542623,0.0738183641533152,0.0740926011327925,0.5636893350337593,0.5604415043285818,0.1472712901492165,0.1485978868870648,0.0437602414661328,0.0441168638858518,52
US-CRT,0.0092190782506388,0.0092710701556956,0.0960160312168696,0.0962863965246165,-0.8874081246892784,-0.8980523497792949,0.368172902233347,0.3675515034516324,0.0685386714666442,0.0684444540945571,52
US-CS1,0.0038822710923401,0.0042044856608476,0.062307873437794,0.064842005373428,-10.0322130601326,-10.94784715324558,0.1374675672407212,0.1405284972186038,0.0431480111188786,0.0441609206776702,52
US-CS3,0.002286741098744,0.002381943631464,0.0478198818353204,0.0488051598856519,-0.3863051691676071,-0.4440203881314584,0.1549647748265712,0.1578494405913388,0.0386247522487081,0.0391646010989643,52
US-CS4,0.0019761561569217,0.0023095266077024,0.0444539779651022,0.0480575343489702,-44.35142620994373,-52.00204903456155,0.105463834118454,0.1101403767914432,0.0312433253917535,0.032626066829909,52
US-EDN,0.0035622087932361,0.003551366964478,0.0596842424198896,0.0595933466460647,0.7329388071050504,0.7337516263105961,0.0806192262141526,0.0809314525776172,0.0405372475269547,0.0405891803079795,52
US-GLE,0.0021137829248257,0.002095616929277,0.0459758950410512,0.0457779087473099,0.6450182551500312,0.6480689926316734,0.074778455969382,0.074763757927154,0.0320272661975937,0.0319711815581766,52
US-Goo,0.0038003030898169,0.0038908493187466,0.0616465983637129,0.0623766728733318,0.6976272766970733,0.690422927680899,0.1018857631475595,0.1022821139500477,0.0422230231764717,0.0424778764436378,52
US-HB1,0.0006210653739567,0.0006180180397217,0.0249211832374945,0.0248599686186792,0.550177844881964,0.5523849530391112,0.0436471545551035,0.0438264585028209,0.0156469957448953,0.0157372547853776,54
US-HWB,0.0012119982251271,0.0012215770035728,0.0348137648801041,0.0349510658431598,0.4499497997616399,0.4456025912485623,0.0433839156899686,0.0432111404956797,0.0205313577969988,0.0204699080700695,52
US-Hn3,0.0001593037865402,0.0001604557184011,0.0126215603845258,0.0126671116834546,0.4954812541145992,0.4918330594896065,0.0190115853989703,0.0192492503917146,0.0079545082188438,0.0080525787053624,52
US-Ho2,0.0018767689351542,0.001873691206702,0.0433216912776301,0.0432861549078003,0.7091963457852604,0.7096732370337344,0.0734156866032727,0.0733520820465755,0.0305242695253025,0.0305080427768951,53
US-IB2,0.0015876764123509,0.0015896449439169,0.0398456573838478,0.0398703516904093,0.7048474514540175,0.7044814970919939,0.098430887468268,0.0986085992868091,0.0313748819899585,0.0313714894685454,52
US-ICs,0.0001954517658355,0.0001940753888856,0.0139804064975074,0.0139310943175939,0.6689912866591259,0.6713222595275188,0.0191894102879549,0.0190962463289363,0.0092810944918203,0.0092361537720837,52
US-ICt,8.386207022861287e-05,8.521136515522242e-05,0.0091576236125215,0.0092310002250689,0.4716710296280922,0.4631705049289008,0.0112193930525616,0.0114132975715194,0.0052471543936439,0.0053374386546169,52
US-Ivo,0.0084842123660724,0.0086827014316281,0.0921097843123763,0.0931810143303245,0.6630149084124584,0.6551311057623885,0.2164965563089964,0.2181310697483064,0.063560914214571,0.0649648175228792,52
US-Jo2,0.0011026767567626,0.0011107648411991,0.0332065770106265,0.0333281388799187,0.17454438427078,0.1684897044404124,0.035305909695993,0.0357489631071578,0.0157878355976961,0.0159842817583255,52
US-KFS,0.0008477376034101,0.0008721799319328,0.0291159338405983,0.0295326925953743,0.573719207093635,0.5614284992835112,0.055692351246101,0.0564709180016207,0.0212702100889373,0.0215781266430002,52
US-KLS,0.0012290774272323,0.0012341068099453,0.0350582005703714,0.0351298563894787,0.4582136772961827,0.455996688597851,0.057129505523971,0.0571556313962693,0.0241879579380323,0.0241898064756658,52
US-KS1,0.000914639232828,0.0009842068500405,0.030243003039183,0.0313720711786865,0.8103129004231671,0.7958852670351744,0.0314822694857903,0.0344935722593082,0.0185919542391047,0.0202254885503853,52
US-KS2,0.007469799021752,0.0071263122452323,0.0864279990613692,0.08441748779271,0.2468728858502654,0.2815042332259534,0.0882289198171324,0.0865660876410635,0.0555824277602695,0.0545855405559342,52
US-KS3,0.0002872575843787,0.0002994709469205,0.0169486750036329,0.0173052288895744,0.5868225691464292,0.5692554585407562,0.0301624355762919,0.0310747562597241,0.0112648090814873,0.011603112877909,52
US-LWW,0.0034649127306733,0.0034700521399992,0.0588635093302575,0.058907148462638,-0.5066413947749349,-0.5088761543308242,0.1110959799831059,0.1111312290099673,0.0436908791235591,0.0437148173748425,58
US-Lin,0.0087436725392693,0.0087709113866394,0.0935076068524337,0.0936531440296557,0.3956241154413638,0.3937413250692695,0.1452325729128759,0.145349907879421,0.0662983100368852,0.0664145371399322,52
US-Los,0.0024520527507914,0.0024436501426805,0.0495182062557948,0.0494332898225529,0.6773986341264845,0.6785041131389613,0.0633255063858525,0.0634881858042868,0.0351695008438095,0.0351830021539152,52
US-MOz,0.0016717957857952,0.0016722683844005,0.0408875994134564,0.040893378246368,0.6747729291271005,0.6746809909481744,0.0661808676406757,0.0663190780414915,0.0305531440617448,0.0306072439454938,52
US-Me1,0.0032978065812274,0.003308243736359,0.0574265320320442,0.0575173342250753,0.5954659300431981,0.5941856291097847,0.1084798477316802,0.109208076921392,0.0393985043789103,0.0396191975430334,52
US-Me2,0.0015674921729703,0.0015861827420754,0.0395915669425993,0.0398269097731101,0.7456201922845974,0.7425870011420579,0.0572438076727481,0.0576466011161671,0.0251374730016428,0.025275583829106,52
US-Me3,0.0024098549091089,0.0023956167076721,0.049090273060036,0.0489450376204994,0.6287894638388674,0.63098269562612,0.0624949082441313,0.0624268910209379,0.0331820547867861,0.0330985537538982,52
US-Me4,0.0068063872519841,0.0068284772418781,0.0825008318260131,0.082634600754636,-0.8649532571323768,-0.8710059245868811,0.1459284033175924,0.1445622457292348,0.0672341838012565,0.0669883598879061,52
US-Me5,0.0055833054154723,0.0055834499299603,0.0747215190923762,0.0747224861066626,0.7645688488887188,0.764562755148588,0.1302124983431561,0.1310803498465979,0.0513838276966834,0.0515799820006516,52
US-Me6,0.0047491313361559,0.0047251597199291,0.0689139415224231,0.0687397972060516,0.609762537420101,0.6117322918926904,0.1100590564676266,0.1097764649962634,0.047528781973527,0.0474102816231359,52
US-Mpj,0.004366328818135,0.004376627115374,0.0660782022919437,0.0661560814693105,-0.0375581465930012,-0.0400053013175816,0.1588174898948534,0.1612100500176314,0.0410508907210274,0.0416297143921869,52
US-Myb,0.0055416140273984,0.005554730836034,0.0744420178890824,0.0745300666579203,0.6030408836243704,0.602101295132659,0.1627508370777735,0.1628977602300718,0.0487409408957539,0.0487683907567602,52
US-NC1,0.0044792511120985,0.0044872099723143,0.0669272075623847,0.0669866402524735,0.6736674213667917,0.6730875844002544,0.0823423513615948,0.0822877629805998,0.0459829374905436,0.0459792473310173,52
US-NC4,0.0012394171149082,0.0012393301809058,0.0352053563383218,0.0352041216465614,0.7526576736785902,0.7526750225259737,0.0561894975940403,0.0561904843577181,0.0237874265560319,0.0237700065374663,52
US-NR1,0.0069384959343758,0.0069335669402208,0.0832976346265359,0.0832680427308152,0.6438967972280452,0.6441497671255043,0.2476589542455909,0.2469675902381705,0.0637026260949989,0.0636102551358202,52
US-ONA,0.0006518025518825,0.0006561069662606,0.0255304240443152,0.0256145850300296,0.8210371395089574,0.8198552933998671,0.0352984443897984,0.0356198047469433,0.0160601305314646,0.0161885042152999,52
US-OWC,0.0014258627479443,0.00142711498084,0.037760597822921,0.0377771753952039,0.735488467149771,0.7352561656584942,0.0535617631844682,0.0536009049458551,0.0284034882607081,0.0284118063302879,52
US-Oho,0.0048827796630537,0.0048641994951332,0.0698768893344126,0.0697438133108112,0.6894718289136723,0.6906534643674442,0.1363772139380019,0.136725614825921,0.0529592435745919,0.0530126731602135,52
US-Prr,0.0012675247755231,0.0012729831142314,0.0356023141877485,0.0356788889153158,0.7055404067514919,0.7042723761560405,0.0717651302176065,0.0711785350792176,0.0239950836439939,0.023857497847112,52
US-Ro1,0.005430448037114,0.0110767053376542,0.0736915737185332,0.105245927891079,0.2433219619537956,-0.5434269153538205,0.2528421826695983,0.3445111054196971,0.0462342638707509,0.0600110405533609,52
US-Ro4,0.0034653889194565,0.0034056207537499,0.058867554046831,0.0583576966110722,0.6933188722420071,0.6986082550180702,0.1722151419566283,0.1711117777644126,0.0451213164535793,0.0447544813829837,52
US-Ro5,0.0066616793095766,0.0066204995965176,0.0816191111785508,0.0813664525250894,0.5558864192265236,0.5586317434866654,0.4306971784329267,0.4357052192082774,0.0520440736524828,0.0524351694352481,52
US-Ro6,0.0036408025354589,0.0036814255727488,0.0603390630972918,0.0606747523501237,0.4321743585962688,0.4258387218842412,0.2113668361710035,0.2134883003427099,0.0428571906732009,0.0432910099592643,52
US-SRC,0.0011260421336543,0.0011262405918433,0.033556551277721,0.0335595082181389,0.1429483519807018,0.1427973017554255,0.0667208200188392,0.0668587264084255,0.0232907973983321,0.023339386935292,52
US-SRG,0.0028312609615561,0.0028296295662553,0.0532095946381491,0.0531942625313609,0.4046806016089039,0.4050236294266138,0.0857157322730508,0.0860988555553646,0.032974914803524,0.0330896050414191,52
US-SRM,0.0015738694851123,0.0016168197277893,0.0396720239603727,0.0402096969372977,0.3860633289237384,0.369309252896195,0.080351230820148,0.0814939505791903,0.0265373023193396,0.0268977971343362,52
US-Seg,0.0017922248079406,0.0017888765422607,0.0423346761879744,0.0422951125103213,0.2975175186268218,0.298829908664443,0.0991051711592635,0.0987321179045547,0.0279922724337044,0.0279030571417196,52
US-Ses,0.0015968254300551,0.0015934448576514,0.0399602981727513,0.0399179766227125,0.273536859798157,0.275074824561177,0.063695174527863,0.0635149805709153,0.025759439566986,0.0256922576689639,52
US-Sne,0.0017483233944262,0.0018157210002022,0.0418129572552127,0.0426112778522567,0.6077300883945178,0.5926081418802467,0.078516227266748,0.0819360256645813,0.0297368159635835,0.0308483742807093,52
US-Snf,0.0079483254572817,0.0079540970042231,0.0891533816368271,0.08918574440023,0.7342281533809583,0.7340351674876762,0.0897051965243342,0.0896984054168344,0.0575890452101029,0.057566361353242,52
US-Syv,0.0063775984206259,0.0063213630255392,0.0798598673967463,0.0795069998524613,0.6691908672715333,0.6721078245727463,0.1709312502358383,0.175213558894666,0.0554025929128636,0.0555568749198208,52
US-Ton,0.0006396178752136,0.0006420239798253,0.0252906677494615,0.0253381921183292,0.4261279745766246,0.4239691916838856,0.0385280965068743,0.0388060103612735,0.0172101281269377,0.017328035429249,52
US-Tw3,0.0058624011905986,0.0058379428567093,0.0765663189045854,0.0764064320375536,0.4675799317131746,0.4698012242136679,0.1183998286443746,0.1190736423976642,0.0476343529661261,0.0477694058742479,52
US-Tw4,0.0047150083504453,0.0046540026217614,0.0686659184053151,0.0682202508186645,0.5864687407321557,0.5918192669518652,0.1496137071610199,0.1548005375354895,0.046503000616728,0.0470051139099338,52
US-Twt,0.0067659665405486,0.0067561705302555,0.0822554955036361,0.0821959276987342,0.5334192458814777,0.5340947783190882,0.1717912621681604,0.1736299720580503,0.0536748659703782,0.054019118000652,52
US-Var,0.0011457484937794,0.0011456037028499,0.0338489068328572,0.0338467679823335,0.47282807007707,0.4728946900326451,0.0500193261615675,0.0496719897719275,0.0249310556830627,0.0247861102321973,52
US-WCr,0.0030919260783084,0.0030652618694926,0.055605090399247,0.0553648071385844,0.6054395017583295,0.6088421198187626,0.0796250508691117,0.0793678030767721,0.0409580932138123,0.0407345756102364,52
US-WPT,0.0026214696912395,0.0025839095199682,0.0512002899526905,0.0508321701284553,0.6062968793816563,0.6119378206787881,0.0875774505323671,0.0875008039128612,0.0364915026732509,0.0364144531086838,52
US-Whs,0.0009856936325977,0.00099596716662,0.0313957581943446,0.0315589474891043,0.2016618191758704,0.1933410243662606,0.0435887199520562,0.0437408943820145,0.0200832442077939,0.0201707451872377,52
US-Wi0,0.0001194004448128,0.0001507845904733,0.0109270510574838,0.0122794377099823,-1.9419464355293443,-2.715230618872952,0.0291356821978346,0.0250104957476836,0.0080217558448073,0.0069103554579236,52
US-Wi1,0.0046241737337008,0.0040463379842948,0.0680012774416839,0.0636108322873932,-14.35382914588176,-12.435217977338612,0.2046316599930708,0.1859324833546247,0.0603141015006167,0.0543810039900492,52
US-Wi2,0.0007405451107293,0.0007751333163031,0.0272129585074719,0.0278412161426745,-6.485777360455304,-6.835411167324432,0.0410104044632853,0.0368453364977124,0.0163347861682224,0.0146911301383132,52
US-Wi3,0.0027043926617161,0.0027367557495691,0.0520037754563657,0.0523140110254336,0.6578051114862769,0.6537101132278431,0.0873506259099451,0.088018909254917,0.0334647799148243,0.0337504921977889,52
US-Wi4,0.0021996933586684,0.002202440217322,0.0469008886767452,0.0469301631930042,0.7316720727702699,0.7313369992992349,0.0565399126286962,0.056843393521446,0.029165453943576,0.0292993770928128,52
US-Wi5,0.0003020764833278,0.0003333984830967,0.0173803476181544,0.0182592026960857,-2.520162864258226,-2.88516492997998,0.0293936702051183,0.0285632940180098,0.0110653299168909,0.0107691002198475,54
US-Wi6,0.0010706174403183,0.0010809283161759,0.0327202909571163,0.0328774742973962,-0.3053340435589236,-0.3179054222503081,0.0515709093722532,0.05182676896765,0.0204627750562169,0.0205747852425105,52
US-Wi7,0.0022015010047689,0.0023247199170598,0.0469201556345347,0.0482153493926974,-0.7665993827447977,-0.8654766732498171,0.0758869986957471,0.0787080312321618,0.0361313749644818,0.0375072866175812,52
US-Wi8,0.0027453165385038,0.002263425294095,0.0523957683263051,0.0475754694574321,-2.362626688983602,-1.772377682390149,0.1097878485770619,0.097476196953017,0.0450743624790472,0.0397983585162153,52
US-Wi9,0.0028472938576725,0.0028875833982133,0.0533600398957175,0.0537362391521158,0.344166830190576,0.3348867142616032,0.0792752025364403,0.0803874433132169,0.037604432257163,0.038071514915128,52
US-Wjs,0.0015027217398032,0.0015031779663302,0.0387649550470946,0.0387708391233703,0.6181281004723124,0.6180121641110665,0.0670249267232464,0.0672084415093389,0.0243261656520835,0.0243715775420716,52
US-Wkg,0.0025218179568171,0.0025235659147064,0.0502177056108418,0.050235106396886,0.4216794567317969,0.4212786030724704,0.0660953039604427,0.0661371611786573,0.0319471771520763,0.0319658741058788,52
US-xAE,0.0040627001575918,0.0040880236670593,0.0637393140659029,0.0639376545320465,0.6094097187737206,0.6069751023115456,0.1359108125787556,0.1369676594278889,0.0442964069908892,0.0446329853780735,52
US-xBR,0.0020224626646168,0.0020448302427277,0.0449717985477215,0.0452197992336074,0.6836573745581412,0.6801587594745715,0.0638491669104857,0.0643750335754071,0.0329204255992933,0.0331755112340687,52
US-xCL,0.0005877585421831,0.0005952822230393,0.0242437320184648,0.0243984061577668,0.6829972273613893,0.6789393914973453,0.0479047881017507,0.0483069182817392,0.0167764938926488,0.0169641332427348,52
US-xCP,0.001160954733347,0.0011615289633098,0.0340727858172332,0.0340812112946394,0.5255921489040175,0.5253574978923418,0.1262072009279663,0.1271709810653047,0.0233162625075691,0.0234276858063315,52
US-xDC,0.0012675994810083,0.0012881311363777,0.0356033633384307,0.0358905438295068,0.4706880059874029,0.4621145949006978,0.0584576374362153,0.0585643568974476,0.0248725769462363,0.0249471937975094,52
US-xDL,0.0032003760871395,0.0031956147157971,0.0565718665693429,0.0565297684038873,0.7497768000703434,0.7501490705600956,0.0839072009972479,0.0850145228467876,0.0411769296299011,0.0414341192040706,52
US-xDS,0.0018753048351571,0.0018658460531289,0.0433047899793682,0.0431954401890864,0.8430130198064052,0.8438048407408402,0.0541349845864501,0.0542955101615148,0.0288556297086828,0.0288914995626976,52
US-xGR,0.0080188143297624,0.0079631978542081,0.0895478326357618,0.0892367517013487,0.6665381420806759,0.6688509494991501,0.1791866736174578,0.1779799923913074,0.0648652673258467,0.0644781548747975,52
US-xHA,0.0041870650780183,0.0041529840934472,0.0647075349400541,0.0644436505285604,0.6938543602567895,0.6963462596254842,0.1047679803172671,0.1046920648208384,0.0474528100958999,0.0473191587249089,52
US-xHE,0.0011301313347109,0.0011254072030067,0.0336174260571939,0.0335470893373287,0.7044022261564273,0.7056378726447694,0.0806093314623742,0.0793709074169136,0.0234272207530934,0.0230780854175072,52
US-xJE,0.0025241181675912,0.002524025834397,0.0502406027789404,0.0502396838604405,0.7158706655264473,0.7158810590846311,0.0913827382939635,0.0913982634490924,0.032289415906804,0.0322955365059521,52
US-xKA,0.002535367412801,0.0025686459665096,0.0503524320445505,0.0506818110026624,0.3759553925840695,0.3677643501814776,0.0639473257163506,0.0644220273726414,0.0304145285177815,0.0306643693920754,52
US-xKZ,0.0022447553149442,0.0022842117476658,0.0473788488140466,0.0477934278710566,0.6983922894694456,0.6930908812225692,0.0967887207845188,0.0979091351605776,0.0359421243035987,0.0363840018550611,52
US-xMB,0.001434336366956,0.0014693670124006,0.0378726334832428,0.0383323233368479,-0.7846273707346776,-0.8282131363299718,0.0852990302969881,0.0866279353012001,0.0325112554860405,0.0330211307706136,52
US-xML,0.0010436067464191,0.0010423001498575,0.0323049028232428,0.0322846736061792,-0.3170019696011295,-0.3153530819803354,0.0466484719940198,0.0466279760906473,0.0245494338550125,0.0245317717909503,52
US-xNG,0.0012439624316293,0.0012554475358454,0.0352698515963609,0.0354322950970646,0.072876742009286,0.0643169117696418,0.0826805420760419,0.0835411717606235,0.0263487416358588,0.0266198559656085,52
US-xNQ,0.001679920805892,0.0016940565779819,0.0409868369832571,0.04115891857158,0.0883155435818929,0.0806441321388081,0.0657961223020969,0.0660923049105216,0.0319377679701315,0.0320888110584837,52
US-xRM,0.0028236601828097,0.0028901409000686,0.0531381236289891,0.0537600306925942,0.593911333830706,0.5843503158434789,0.1230839028922682,0.1256458189425141,0.0382028403308598,0.0389219760227222,52
US-xSB,0.0010563342823074,0.0010529158885491,0.032501296625019,0.0324486654355632,0.8455210482491948,0.8460209561792011,0.0462602508461933,0.0465362662731606,0.0207507081610524,0.0208328140791235,52
US-xSE,0.0021248358212295,0.0021103017865447,0.0460959414832748,0.0459380211431089,0.6813867090240138,0.6835660475761073,0.0873391035018061,0.087651893271293,0.0328805128375806,0.0329022979196959,52
US-xSR,0.0010599388488139,0.0010876802219394,0.0325567020567798,0.0329799973004764,0.3309711292342983,0.3134608930952843,0.021374555945725,0.0212929174006328,0.0191029298770846,0.0190695263861614,52
US-xST,0.0046056511371385,0.004514864084929,0.0678649477796792,0.0671927383348013,0.7224581212244915,0.7279290542779173,0.1772738366577091,0.1758227800295931,0.0480755168451119,0.047658522790107,52
US-xTA,0.0008414358813887,0.0008400014598107,0.0290075142228475,0.0289827786764954,0.8198283473910725,0.8201354915383077,0.0553395803477367,0.0551294334396521,0.0191368438628805,0.0190762554444355,52
US-xTR,0.0035442082724576,0.003647241889125,0.059533253501364,0.0603923992661745,0.6519048088478063,0.6417853396372515,0.089389162937351,0.0913808841447804,0.0429461775763942,0.043851771134807,52
US-xUK,0.0013467477566941,0.0013457659295143,0.0366980620291341,0.0366846824916654,0.7746068132942183,0.774771132971579,0.0691349592117321,0.0690138061236146,0.0284902298179397,0.0283751456343081,52
US-xUN,0.0038695252937363,0.0038231205137718,0.0622055085481695,0.0618313877716797,0.6194076395268793,0.6239718440231108,0.1510865289562709,0.1503183285512275,0.0473862602214691,0.0471580554228028,52
US-xYE,0.001374665602704,0.001423819384933,0.0370764831490803,0.0377335313074866,0.6080740677037885,0.5940600108392655,0.0555847282254288,0.0580183713603373,0.0237516136927903,0.0247013597046468,52
ZM-Mon,0.0022120043900988,0.0022309559657858,0.0470319507366942,0.0472329965785135,0.7242053252685453,0.7218424259562058,0.0716744007396686,0.0716861826161921,0.035316503942442,0.0352846698364024,52
